event_time,user_id,session_id,event_type,device,region,value
2025-01-01 20:25:58,user_44,sess_5815,purchase,mobile,LATAM,407.29
2025-01-01 02:33:18,user_9,sess_2978,add_to_cart,mobile,EU,420.66
2025-01-01 06:45:15,user_42,sess_6909,search,tablet,US,0.0
2025-01-01 21:17:08,user_47,sess_1274,purchase,mobile,APAC,168.28
2025-01-01 07:41:41,user_22,sess_4871,click,mobile,LATAM,0.0
2025-01-01 11:07:25,user_15,sess_2126,video_play,mobile,LATAM,0.0
2025-01-01 01:16:09,user_22,sess_4206,search,tablet,EU,0.0
2025-01-01 23:17:39,user_28,sess_9309,click,desktop,EU,0.0
2025-01-01 05:24:18,user_11,sess_2503,add_to_cart,desktop,US,197.96
2025-01-01 15:41:11,user_48,sess_9577,add_to_cart,desktop,EU,195.84
2025-01-01 21:23:59,user_5,sess_4012,purchase,tablet,EU,457.78
2025-01-01 21:35:27,user_41,sess_9827,add_to_cart,desktop,EU,142.5
2025-01-01 20:12:30,user_43,sess_7652,search,tablet,US,0.0
2025-01-01 22:39:00,user_32,sess_3890,add_to_cart,tablet,EU,439.87
2025-01-01 13:48:38,user_19,sess_6127,purchase,tablet,LATAM,380.43
2025-01-01 14:27:41,user_30,sess_8861,purchase,tablet,US,134.44
2025-01-01 20:24:08,user_49,sess_9335,search,tablet,APAC,0.0
2025-01-01 10:05:38,user_21,sess_9089,add_to_cart,tablet,US,88.57
2025-01-01 03:31:29,user_30,sess_5004,search,desktop,US,0.0
2025-01-01 13:21:26,user_45,sess_6702,add_to_cart,tablet,LATAM,60.29
2025-01-01 03:53:55,user_12,sess_4485,add_to_cart,desktop,APAC,295.92
2025-01-01 20:50:09,user_22,sess_6250,video_play,tablet,US,0.0
2025-01-01 14:00:40,user_36,sess_2956,page_view,desktop,LATAM,0.0
2025-01-01 10:39:13,user_37,sess_9675,click,tablet,LATAM,0.0
2025-01-01 19:47:42,user_25,sess_3797,search,tablet,EU,0.0
2025-01-01 00:31:39,user_25,sess_8310,purchase,desktop,US,17.68
2025-01-01 21:28:01,user_11,sess_5541,page_view,mobile,APAC,0.0
2025-01-01 04:01:02,user_39,sess_4408,click,mobile,APAC,0.0
2025-01-01 02:15:41,user_2,sess_3696,click,mobile,APAC,0.0
2025-01-01 09:06:04,user_37,sess_1443,purchase,desktop,US,456.31
2025-01-01 04:57:11,user_13,sess_3034,search,desktop,LATAM,0.0
2025-01-01 19:52:14,user_5,sess_4798,purchase,desktop,LATAM,28.64
2025-01-01 02:16:33,user_20,sess_1132,video_play,mobile,APAC,0.0
2025-01-01 08:31:31,user_24,sess_3755,purchase,tablet,LATAM,241.39
2025-01-01 14:38:55,user_30,sess_8536,add_to_cart,desktop,US,127.05
2025-01-01 20:34:25,user_10,sess_9061,page_view,tablet,EU,0.0
2025-01-01 14:20:46,user_48,sess_8147,add_to_cart,tablet,EU,358.34
2025-01-01 17:30:05,user_5,sess_9208,search,tablet,US,0.0
2025-01-01 02:17:07,user_49,sess_6526,purchase,mobile,EU,481.86
2025-01-01 03:08:59,user_35,sess_7521,video_play,desktop,LATAM,0.0
2025-01-01 16:29:15,user_14,sess_7917,purchase,mobile,US,490.68
2025-01-01 15:59:15,user_7,sess_4171,add_to_cart,tablet,LATAM,187.47
2025-01-01 03:31:21,user_22,sess_6007,purchase,mobile,EU,474.76
2025-01-01 12:13:23,user_1,sess_8555,search,tablet,EU,0.0
2025-01-01 08:46:32,user_41,sess_8507,purchase,mobile,LATAM,79.12
2025-01-01 00:09:06,user_43,sess_1539,page_view,mobile,LATAM,0.0
2025-01-01 00:48:02,user_39,sess_7540,add_to_cart,mobile,LATAM,404.85
2025-01-01 00:04:00,user_17,sess_1923,click,desktop,EU,0.0
2025-01-01 20:59:24,user_35,sess_3968,video_play,desktop,US,0.0
2025-01-01 11:19:25,user_41,sess_7455,search,mobile,APAC,0.0
2025-01-01 00:10:26,user_4,sess_5514,video_play,mobile,US,0.0
2025-01-01 17:00:33,user_16,sess_5884,video_play,desktop,APAC,0.0
2025-01-01 17:37:55,user_6,sess_8879,purchase,tablet,US,415.99
2025-01-01 08:00:19,user_23,sess_3307,add_to_cart,tablet,LATAM,392.56
2025-01-01 20:23:53,user_2,sess_6027,search,tablet,US,0.0
2025-01-01 15:54:06,user_35,sess_4292,add_to_cart,desktop,US,2.14
2025-01-01 00:12:20,user_2,sess_9112,add_to_cart,tablet,APAC,50.41
2025-01-01 20:35:22,user_1,sess_3911,click,desktop,US,0.0
2025-01-01 22:22:41,user_19,sess_2256,page_view,tablet,US,0.0
2025-01-01 21:01:12,user_5,sess_6135,video_play,desktop,EU,0.0
2025-01-01 07:06:48,user_28,sess_3855,add_to_cart,tablet,US,360.89
2025-01-01 16:12:54,user_9,sess_5381,search,desktop,US,0.0
2025-01-01 10:20:14,user_48,sess_5627,add_to_cart,tablet,US,303.05
2025-01-01 06:09:58,user_41,sess_9465,video_play,tablet,APAC,0.0
2025-01-01 16:44:17,user_5,sess_4953,add_to_cart,desktop,LATAM,99.02
2025-01-01 05:55:33,user_44,sess_6192,video_play,tablet,APAC,0.0
2025-01-01 13:00:00,user_36,sess_4103,click,tablet,US,0.0
2025-01-01 23:09:10,user_44,sess_7773,page_view,mobile,US,0.0
2025-01-01 19:18:45,user_46,sess_4478,search,tablet,APAC,0.0
2025-01-01 10:23:49,user_25,sess_2848,search,desktop,EU,0.0
2025-01-01 22:01:57,user_1,sess_5499,click,mobile,LATAM,0.0
2025-01-01 07:46:49,user_2,sess_7738,page_view,mobile,LATAM,0.0
2025-01-01 03:10:51,user_35,sess_8521,page_view,desktop,APAC,0.0
2025-01-01 08:33:37,user_8,sess_4925,click,desktop,EU,0.0
2025-01-01 05:23:23,user_1,sess_4369,page_view,desktop,EU,0.0
2025-01-01 21:24:39,user_14,sess_4797,purchase,tablet,LATAM,334.77
2025-01-01 23:09:37,user_8,sess_9624,search,mobile,US,0.0
2025-01-01 04:49:33,user_50,sess_5222,page_view,desktop,EU,0.0
2025-01-01 07:45:18,user_9,sess_7685,add_to_cart,desktop,US,485.4
2025-01-01 17:13:06,user_27,sess_7731,click,mobile,APAC,0.0
2025-01-01 04:06:43,user_32,sess_6627,purchase,mobile,LATAM,90.63
2025-01-01 17:59:17,user_4,sess_1486,video_play,mobile,LATAM,0.0
2025-01-01 11:34:39,user_36,sess_8600,page_view,desktop,LATAM,0.0
2025-01-01 15:34:38,user_33,sess_5426,page_view,tablet,US,0.0
2025-01-01 06:02:49,user_14,sess_7360,add_to_cart,desktop,EU,445.05
2025-01-01 17:00:05,user_35,sess_1106,click,mobile,EU,0.0
2025-01-01 20:05:30,user_44,sess_2952,search,tablet,US,0.0
2025-01-01 23:41:07,user_47,sess_4778,click,desktop,LATAM,0.0
2025-01-01 18:30:31,user_44,sess_1412,add_to_cart,tablet,US,319.97
2025-01-01 23:46:09,user_13,sess_6102,search,desktop,LATAM,0.0
2025-01-01 09:12:24,user_5,sess_4560,video_play,mobile,LATAM,0.0
2025-01-01 02:10:37,user_2,sess_6368,purchase,tablet,APAC,474.78
2025-01-01 21:58:50,user_2,sess_5548,search,tablet,APAC,0.0
2025-01-01 05:54:11,user_25,sess_7313,video_play,desktop,US,0.0
2025-01-01 08:45:56,user_37,sess_9241,purchase,mobile,EU,368.11
2025-01-01 16:10:53,user_14,sess_3277,page_view,mobile,EU,0.0
2025-01-01 13:02:13,user_47,sess_1587,page_view,desktop,APAC,0.0
2025-01-01 07:38:32,user_13,sess_9755,click,desktop,APAC,0.0
2025-01-01 18:09:34,user_2,sess_1468,page_view,desktop,US,0.0
2025-01-01 21:43:26,user_21,sess_9001,video_play,mobile,LATAM,0.0
2025-01-01 16:46:27,user_41,sess_4462,purchase,mobile,APAC,38.56
2025-01-01 11:34:11,user_6,sess_9026,purchase,tablet,US,422.09
2025-01-01 11:52:43,user_11,sess_1181,click,desktop,LATAM,0.0
2025-01-01 21:54:41,user_11,sess_7163,purchase,tablet,LATAM,488.97
2025-01-01 13:51:15,user_20,sess_3217,click,mobile,US,0.0
2025-01-01 10:55:59,user_33,sess_7227,purchase,tablet,APAC,110.74
2025-01-01 21:25:01,user_38,sess_2051,video_play,mobile,APAC,0.0
2025-01-01 16:10:36,user_23,sess_4738,add_to_cart,desktop,US,411.55
2025-01-01 22:51:55,user_48,sess_7953,video_play,mobile,APAC,0.0
2025-01-01 02:13:40,user_45,sess_6479,page_view,desktop,LATAM,0.0
2025-01-01 05:10:32,user_29,sess_6069,video_play,mobile,EU,0.0
2025-01-01 16:31:03,user_22,sess_3780,add_to_cart,tablet,APAC,201.75
2025-01-01 02:32:21,user_2,sess_1841,search,mobile,APAC,0.0
2025-01-01 16:45:57,user_31,sess_8079,add_to_cart,desktop,APAC,480.06
2025-01-01 15:10:05,user_30,sess_3289,search,tablet,LATAM,0.0
2025-01-01 03:47:15,user_50,sess_3497,click,desktop,APAC,0.0
2025-01-01 12:17:44,user_23,sess_2439,purchase,tablet,LATAM,431.75
2025-01-01 06:29:15,user_28,sess_2521,add_to_cart,mobile,US,150.13
2025-01-01 13:56:03,user_35,sess_3847,search,tablet,APAC,0.0
2025-01-01 08:26:24,user_10,sess_4114,page_view,mobile,LATAM,0.0
2025-01-01 22:14:37,user_8,sess_4837,page_view,desktop,APAC,0.0
2025-01-01 23:11:33,user_39,sess_4181,add_to_cart,tablet,US,127.07
2025-01-01 16:52:23,user_38,sess_8141,video_play,mobile,EU,0.0
2025-01-01 23:03:00,user_48,sess_2626,purchase,desktop,US,230.26
2025-01-01 18:14:26,user_49,sess_1056,add_to_cart,mobile,EU,11.72
2025-01-01 00:10:17,user_11,sess_3722,click,tablet,APAC,0.0
2025-01-01 18:44:09,user_26,sess_1066,page_view,tablet,EU,0.0
2025-01-01 06:35:47,user_49,sess_6780,search,mobile,EU,0.0
2025-01-01 11:38:33,user_26,sess_9029,purchase,desktop,US,470.99
2025-01-01 13:47:10,user_26,sess_3279,click,tablet,LATAM,0.0
2025-01-01 09:25:20,user_50,sess_9095,purchase,tablet,APAC,27.72
2025-01-01 14:53:43,user_48,sess_8149,purchase,desktop,EU,84.49
2025-01-01 04:34:48,user_33,sess_4056,click,tablet,US,0.0
2025-01-01 05:04:13,user_33,sess_3539,purchase,desktop,LATAM,345.92
2025-01-01 00:17:55,user_10,sess_2566,add_to_cart,tablet,US,154.4
2025-01-01 17:39:17,user_29,sess_3492,click,tablet,LATAM,0.0
2025-01-01 01:14:25,user_44,sess_1833,page_view,tablet,APAC,0.0
2025-01-01 02:40:09,user_35,sess_8381,purchase,desktop,US,230.15
2025-01-01 14:53:09,user_22,sess_9464,click,desktop,APAC,0.0
2025-01-01 19:08:52,user_4,sess_7997,click,tablet,APAC,0.0
2025-01-01 11:35:20,user_7,sess_5966,purchase,tablet,APAC,235.74
2025-01-01 17:04:59,user_26,sess_3150,click,desktop,APAC,0.0
2025-01-01 12:44:27,user_39,sess_4680,click,desktop,APAC,0.0
2025-01-01 13:32:09,user_5,sess_2299,search,desktop,US,0.0
2025-01-01 08:26:17,user_19,sess_2820,click,desktop,LATAM,0.0
2025-01-01 23:18:48,user_11,sess_2785,video_play,desktop,APAC,0.0
2025-01-01 02:50:05,user_3,sess_7976,search,desktop,APAC,0.0
2025-01-01 14:31:47,user_4,sess_6803,video_play,mobile,LATAM,0.0
2025-01-01 10:38:58,user_8,sess_3264,video_play,mobile,EU,0.0
2025-01-01 10:12:00,user_24,sess_7698,page_view,tablet,APAC,0.0
2025-01-01 19:40:52,user_23,sess_2636,click,tablet,US,0.0
2025-01-01 05:16:25,user_32,sess_5884,search,desktop,EU,0.0
2025-01-01 10:51:33,user_23,sess_4163,video_play,tablet,EU,0.0
2025-01-01 15:37:00,user_48,sess_1108,purchase,desktop,US,375.85
2025-01-01 03:13:20,user_45,sess_2194,video_play,mobile,LATAM,0.0
2025-01-01 18:37:41,user_29,sess_4696,page_view,mobile,LATAM,0.0
2025-01-01 14:55:17,user_47,sess_6665,click,desktop,APAC,0.0
2025-01-01 04:47:26,user_6,sess_4875,click,mobile,APAC,0.0
2025-01-01 15:28:16,user_37,sess_8042,purchase,desktop,US,358.38
2025-01-01 05:34:09,user_47,sess_1211,page_view,desktop,US,0.0
2025-01-01 13:44:46,user_42,sess_7154,purchase,mobile,EU,255.21
2025-01-01 10:19:18,user_46,sess_1177,add_to_cart,mobile,EU,392.33
2025-01-01 00:53:13,user_14,sess_6978,search,tablet,LATAM,0.0
2025-01-01 01:37:58,user_43,sess_9272,page_view,tablet,EU,0.0
2025-01-01 12:46:15,user_5,sess_5600,click,desktop,LATAM,0.0
2025-01-01 06:30:44,user_33,sess_9183,purchase,tablet,US,485.83
2025-01-01 16:47:01,user_5,sess_2116,purchase,mobile,EU,110.53
2025-01-01 05:31:23,user_50,sess_4211,add_to_cart,desktop,US,454.87
2025-01-01 08:22:29,user_9,sess_6772,video_play,desktop,LATAM,0.0
2025-01-01 06:43:32,user_5,sess_6903,search,desktop,APAC,0.0
2025-01-01 16:12:15,user_29,sess_1955,add_to_cart,desktop,LATAM,354.74
2025-01-01 02:45:07,user_19,sess_2451,click,mobile,US,0.0
2025-01-01 04:57:05,user_37,sess_4294,video_play,desktop,EU,0.0
2025-01-01 09:03:31,user_41,sess_1361,page_view,desktop,EU,0.0
2025-01-01 01:33:41,user_24,sess_3888,video_play,desktop,APAC,0.0
2025-01-01 21:32:26,user_27,sess_9735,search,tablet,EU,0.0
2025-01-01 10:34:24,user_14,sess_1296,click,desktop,US,0.0
2025-01-01 02:23:25,user_20,sess_3528,click,tablet,APAC,0.0
2025-01-01 20:48:18,user_19,sess_6440,add_to_cart,tablet,US,283.31
2025-01-01 19:29:41,user_24,sess_1131,add_to_cart,mobile,LATAM,239.69
2025-01-01 19:54:49,user_25,sess_7107,video_play,tablet,US,0.0
2025-01-01 23:52:11,user_3,sess_9483,video_play,tablet,US,0.0
2025-01-01 08:16:32,user_3,sess_3204,purchase,desktop,LATAM,320.69
2025-01-01 05:01:56,user_44,sess_4353,page_view,desktop,APAC,0.0
2025-01-01 21:34:01,user_30,sess_1598,video_play,mobile,US,0.0
2025-01-01 12:28:48,user_23,sess_3203,video_play,tablet,APAC,0.0
2025-01-01 19:42:47,user_11,sess_3242,page_view,desktop,EU,0.0
2025-01-01 03:22:33,user_9,sess_6212,click,mobile,APAC,0.0
2025-01-01 18:27:35,user_50,sess_7170,video_play,desktop,US,0.0
2025-01-01 02:23:26,user_3,sess_8251,video_play,mobile,LATAM,0.0
2025-01-01 15:11:04,user_5,sess_7122,page_view,mobile,US,0.0
2025-01-01 12:08:33,user_30,sess_6022,add_to_cart,tablet,LATAM,444.44
2025-01-01 08:08:18,user_19,sess_1668,video_play,desktop,US,0.0
2025-01-01 19:04:27,user_27,sess_6518,purchase,desktop,LATAM,309.12
2025-01-01 18:28:59,user_10,sess_8013,purchase,mobile,US,458.05
2025-01-01 07:08:58,user_7,sess_7627,purchase,mobile,APAC,268.99
2025-01-01 20:00:57,user_16,sess_4970,click,tablet,LATAM,0.0
2025-01-01 03:43:58,user_36,sess_6149,click,tablet,APAC,0.0
2025-01-01 09:38:31,user_23,sess_5759,page_view,tablet,LATAM,0.0
2025-01-01 05:12:05,user_49,sess_8633,video_play,desktop,EU,0.0
2025-01-01 13:55:03,user_27,sess_5815,click,mobile,US,0.0
2025-01-01 16:19:15,user_10,sess_4090,click,tablet,APAC,0.0
2025-01-01 16:19:21,user_11,sess_8300,page_view,desktop,LATAM,0.0
2025-01-01 22:17:28,user_6,sess_6818,add_to_cart,desktop,EU,182.39
2025-01-01 06:28:55,user_32,sess_5607,add_to_cart,mobile,EU,13.2
2025-01-01 07:55:01,user_42,sess_5782,search,desktop,APAC,0.0
2025-01-01 22:13:32,user_19,sess_4794,page_view,mobile,US,0.0
2025-01-01 22:15:39,user_35,sess_3158,search,mobile,APAC,0.0
2025-01-01 12:08:40,user_3,sess_2984,add_to_cart,desktop,US,366.61
2025-01-01 15:14:27,user_47,sess_8961,video_play,tablet,LATAM,0.0
2025-01-01 10:15:48,user_6,sess_7581,purchase,desktop,LATAM,239.11
2025-01-01 12:17:26,user_39,sess_5315,video_play,mobile,APAC,0.0
2025-01-01 18:22:55,user_17,sess_8084,click,tablet,LATAM,0.0
2025-01-01 03:17:22,user_16,sess_5980,click,desktop,US,0.0
2025-01-01 15:09:32,user_37,sess_7644,purchase,desktop,EU,417.99
2025-01-01 22:08:08,user_21,sess_7821,add_to_cart,tablet,APAC,61.89
2025-01-01 07:56:42,user_2,sess_5480,page_view,desktop,LATAM,0.0
2025-01-01 20:21:09,user_47,sess_1797,purchase,mobile,APAC,244.26
2025-01-01 13:59:21,user_41,sess_4116,add_to_cart,tablet,APAC,35.67
2025-01-01 02:25:54,user_50,sess_8422,click,mobile,EU,0.0
2025-01-01 21:03:58,user_32,sess_7331,video_play,desktop,APAC,0.0
2025-01-01 18:42:19,user_40,sess_2992,add_to_cart,mobile,US,234.91
2025-01-01 01:40:01,user_26,sess_9046,purchase,tablet,APAC,427.5
2025-01-01 08:51:14,user_19,sess_7217,page_view,tablet,EU,0.0
2025-01-01 02:52:34,user_31,sess_2620,video_play,desktop,LATAM,0.0
2025-01-01 22:16:50,user_45,sess_1882,add_to_cart,desktop,EU,7.01
2025-01-01 11:22:18,user_49,sess_8385,purchase,mobile,US,135.37
2025-01-01 10:46:47,user_19,sess_4627,video_play,desktop,US,0.0
2025-01-01 20:56:23,user_30,sess_1386,click,mobile,EU,0.0
2025-01-01 10:57:52,user_45,sess_5940,click,desktop,US,0.0
2025-01-01 03:31:35,user_11,sess_5233,search,tablet,LATAM,0.0
2025-01-01 09:27:13,user_3,sess_5482,video_play,tablet,US,0.0
2025-01-01 16:13:47,user_33,sess_2693,page_view,desktop,LATAM,0.0
2025-01-01 10:38:32,user_29,sess_8641,click,tablet,EU,0.0
2025-01-01 19:36:50,user_30,sess_4268,search,desktop,LATAM,0.0
2025-01-01 14:45:27,user_7,sess_7267,purchase,mobile,APAC,492.41
2025-01-01 18:54:51,user_8,sess_3420,search,desktop,APAC,0.0
2025-01-01 02:09:02,user_16,sess_5786,purchase,tablet,APAC,279.21
2025-01-01 11:28:13,user_11,sess_6918,video_play,desktop,APAC,0.0
2025-01-01 10:34:29,user_9,sess_4555,page_view,tablet,US,0.0
2025-01-01 22:55:58,user_34,sess_6727,click,tablet,EU,0.0
2025-01-01 19:13:18,user_31,sess_3853,video_play,mobile,LATAM,0.0
2025-01-01 02:18:30,user_41,sess_5775,click,tablet,US,0.0
2025-01-01 04:17:23,user_7,sess_1622,add_to_cart,tablet,EU,381.84
2025-01-01 08:57:46,user_19,sess_6371,search,mobile,EU,0.0
2025-01-01 12:14:56,user_30,sess_6867,add_to_cart,tablet,US,415.26
2025-01-01 09:16:13,user_3,sess_9527,purchase,mobile,US,444.35
2025-01-01 23:29:46,user_18,sess_6202,click,desktop,APAC,0.0
2025-01-01 05:19:40,user_16,sess_8246,video_play,tablet,US,0.0
2025-01-01 00:04:07,user_14,sess_9992,search,mobile,APAC,0.0
2025-01-01 11:34:58,user_30,sess_7015,purchase,tablet,US,493.98
2025-01-01 11:36:40,user_31,sess_3546,search,mobile,US,0.0
2025-01-01 12:42:18,user_39,sess_2040,search,desktop,LATAM,0.0
2025-01-01 09:59:46,user_11,sess_8232,add_to_cart,desktop,APAC,440.88
2025-01-01 09:20:20,user_7,sess_6517,video_play,tablet,APAC,0.0
2025-01-01 20:33:18,user_5,sess_2228,click,tablet,US,0.0
2025-01-01 10:56:45,user_25,sess_8730,video_play,tablet,EU,0.0
2025-01-01 06:11:32,user_25,sess_4123,video_play,desktop,APAC,0.0
2025-01-01 12:11:58,user_17,sess_5568,purchase,tablet,APAC,272.93
2025-01-01 06:36:55,user_32,sess_3013,add_to_cart,desktop,LATAM,253.19
2025-01-01 04:19:12,user_4,sess_6241,page_view,tablet,LATAM,0.0
2025-01-01 02:25:44,user_46,sess_9087,page_view,desktop,APAC,0.0
2025-01-01 03:16:28,user_37,sess_7449,search,mobile,EU,0.0
2025-01-01 19:30:35,user_19,sess_8389,click,tablet,US,0.0
2025-01-01 21:32:10,user_46,sess_2175,search,tablet,APAC,0.0
2025-01-01 12:12:09,user_39,sess_1121,click,mobile,EU,0.0
2025-01-01 16:45:55,user_35,sess_2081,page_view,desktop,LATAM,0.0
2025-01-01 19:42:25,user_44,sess_9114,search,tablet,US,0.0
2025-01-01 05:31:19,user_6,sess_6839,video_play,tablet,LATAM,0.0
2025-01-01 13:11:23,user_26,sess_1102,search,mobile,EU,0.0
2025-01-01 08:09:24,user_16,sess_9565,click,tablet,LATAM,0.0
2025-01-01 07:32:19,user_35,sess_1043,page_view,desktop,US,0.0
2025-01-01 17:55:34,user_45,sess_6673,page_view,desktop,EU,0.0
2025-01-01 06:20:08,user_2,sess_3568,page_view,mobile,APAC,0.0
2025-01-01 04:39:16,user_45,sess_2847,search,mobile,EU,0.0
2025-01-01 17:17:30,user_14,sess_8161,search,desktop,US,0.0
2025-01-01 21:14:02,user_38,sess_1545,search,desktop,US,0.0
2025-01-01 17:40:10,user_47,sess_1646,purchase,tablet,EU,151.4
2025-01-01 10:36:08,user_41,sess_8988,add_to_cart,desktop,APAC,401.75
2025-01-01 06:50:27,user_48,sess_2018,click,desktop,APAC,0.0
2025-01-01 20:34:12,user_32,sess_5509,purchase,mobile,APAC,282.37
2025-01-01 07:45:29,user_47,sess_6949,click,desktop,APAC,0.0
2025-01-01 05:40:37,user_22,sess_1068,search,desktop,LATAM,0.0
2025-01-01 02:17:35,user_40,sess_7935,purchase,tablet,US,171.25
2025-01-01 00:33:59,user_42,sess_7150,page_view,tablet,APAC,0.0
2025-01-01 20:28:37,user_41,sess_7020,page_view,mobile,APAC,0.0
2025-01-01 23:11:25,user_49,sess_8719,search,tablet,APAC,0.0
2025-01-01 18:03:53,user_7,sess_2282,search,tablet,EU,0.0
2025-01-01 10:54:24,user_10,sess_8905,click,desktop,APAC,0.0
2025-01-01 14:09:21,user_17,sess_5120,video_play,tablet,APAC,0.0
2025-01-01 04:43:12,user_9,sess_3773,page_view,desktop,LATAM,0.0
2025-01-01 04:12:21,user_37,sess_3083,search,mobile,US,0.0
2025-01-01 11:33:59,user_29,sess_1253,video_play,mobile,APAC,0.0
2025-01-01 12:48:45,user_49,sess_3853,add_to_cart,tablet,EU,331.88
2025-01-01 11:03:52,user_46,sess_2193,click,mobile,US,0.0
2025-01-01 15:01:30,user_46,sess_4667,purchase,tablet,LATAM,1.26
2025-01-01 00:36:03,user_1,sess_9181,purchase,tablet,APAC,347.71
2025-01-01 10:54:32,user_48,sess_4778,video_play,tablet,EU,0.0
2025-01-01 23:57:45,user_26,sess_9598,video_play,desktop,US,0.0
2025-01-01 23:23:37,user_44,sess_6856,add_to_cart,mobile,EU,215.3
2025-01-01 03:08:01,user_31,sess_9206,purchase,mobile,APAC,376.92
2025-01-01 10:34:44,user_47,sess_9298,search,tablet,APAC,0.0
2025-01-01 01:36:15,user_36,sess_5136,video_play,tablet,US,0.0
2025-01-01 10:48:32,user_42,sess_2227,search,tablet,EU,0.0
2025-01-01 08:07:52,user_8,sess_9631,add_to_cart,mobile,EU,78.1
2025-01-01 01:17:45,user_40,sess_2652,video_play,tablet,EU,0.0
2025-01-01 17:49:15,user_29,sess_1536,add_to_cart,mobile,APAC,227.37
2025-01-01 07:26:24,user_8,sess_5466,purchase,desktop,EU,359.92
2025-01-01 01:15:14,user_26,sess_8892,purchase,desktop,EU,50.93
2025-01-01 06:47:26,user_29,sess_1466,click,desktop,LATAM,0.0
2025-01-01 16:18:45,user_37,sess_7638,purchase,tablet,LATAM,124.02
2025-01-01 05:50:20,user_13,sess_5070,purchase,tablet,LATAM,48.16
2025-01-01 10:20:42,user_40,sess_7570,video_play,tablet,US,0.0
2025-01-01 15:14:41,user_27,sess_7159,search,mobile,EU,0.0
2025-01-01 08:51:50,user_27,sess_2044,search,mobile,EU,0.0
2025-01-01 03:59:56,user_8,sess_2851,click,tablet,US,0.0
2025-01-01 22:38:15,user_39,sess_6934,click,tablet,EU,0.0
2025-01-01 05:31:32,user_45,sess_2975,video_play,tablet,APAC,0.0
2025-01-01 20:32:01,user_50,sess_1380,video_play,desktop,APAC,0.0
2025-01-01 07:13:11,user_21,sess_5627,search,desktop,LATAM,0.0
2025-01-01 05:23:55,user_27,sess_2365,search,desktop,APAC,0.0
2025-01-01 11:50:08,user_18,sess_5833,add_to_cart,desktop,APAC,375.21
2025-01-01 01:35:20,user_50,sess_7364,purchase,desktop,LATAM,475.23
2025-01-01 04:41:11,user_18,sess_1521,page_view,tablet,US,0.0
2025-01-01 21:28:51,user_33,sess_3927,page_view,tablet,US,0.0
2025-01-01 03:48:25,user_4,sess_1130,purchase,mobile,EU,296.66
2025-01-01 11:52:37,user_50,sess_3119,video_play,tablet,EU,0.0
2025-01-01 06:24:52,user_14,sess_7553,click,desktop,US,0.0
2025-01-01 05:22:57,user_29,sess_5803,search,desktop,US,0.0
2025-01-01 04:14:26,user_19,sess_4428,page_view,desktop,APAC,0.0
2025-01-01 10:13:28,user_43,sess_2095,search,tablet,US,0.0
2025-01-01 18:12:28,user_37,sess_3454,search,desktop,APAC,0.0
2025-01-01 04:33:17,user_48,sess_3864,add_to_cart,tablet,EU,494.77
2025-01-01 02:06:34,user_47,sess_9842,click,desktop,US,0.0
2025-01-01 01:50:05,user_47,sess_3259,video_play,desktop,LATAM,0.0
2025-01-01 20:30:28,user_9,sess_6926,add_to_cart,tablet,LATAM,12.73
2025-01-01 10:15:59,user_14,sess_1994,page_view,tablet,US,0.0
2025-01-01 19:36:25,user_4,sess_1452,video_play,desktop,US,0.0
2025-01-01 02:12:47,user_38,sess_1222,purchase,desktop,US,213.82
2025-01-01 21:42:52,user_5,sess_4488,purchase,mobile,LATAM,82.91
2025-01-01 23:57:28,user_1,sess_6273,purchase,mobile,LATAM,121.42
2025-01-01 16:40:10,user_10,sess_9589,add_to_cart,mobile,EU,188.59
2025-01-01 03:25:49,user_38,sess_6609,click,tablet,LATAM,0.0
2025-01-01 02:13:13,user_29,sess_4529,page_view,mobile,APAC,0.0
2025-01-01 15:12:37,user_25,sess_2543,page_view,mobile,EU,0.0
2025-01-01 22:20:17,user_47,sess_8720,video_play,desktop,EU,0.0
2025-01-01 17:36:42,user_22,sess_1538,add_to_cart,tablet,APAC,485.62
2025-01-01 05:56:31,user_31,sess_8946,video_play,tablet,APAC,0.0
2025-01-01 17:44:07,user_8,sess_7517,page_view,desktop,US,0.0
2025-01-01 14:41:44,user_41,sess_6930,add_to_cart,tablet,LATAM,459.87
2025-01-01 06:35:20,user_33,sess_3969,add_to_cart,desktop,LATAM,332.46
2025-01-01 02:55:18,user_36,sess_2065,click,mobile,EU,0.0
2025-01-01 23:58:36,user_3,sess_2786,add_to_cart,tablet,APAC,272.08
2025-01-01 03:37:48,user_5,sess_1403,add_to_cart,mobile,APAC,492.51
2025-01-01 06:23:55,user_3,sess_3409,video_play,mobile,EU,0.0
2025-01-01 23:11:03,user_24,sess_6729,page_view,tablet,US,0.0
2025-01-01 14:00:26,user_46,sess_9900,search,tablet,EU,0.0
2025-01-01 10:50:37,user_19,sess_1299,purchase,desktop,APAC,440.32
2025-01-01 05:49:28,user_50,sess_6817,page_view,mobile,US,0.0
2025-01-01 23:21:57,user_44,sess_7374,add_to_cart,tablet,APAC,25.37
2025-01-01 04:45:43,user_16,sess_2051,page_view,mobile,EU,0.0
2025-01-01 08:21:50,user_25,sess_6746,video_play,mobile,APAC,0.0
2025-01-01 21:37:13,user_35,sess_1656,add_to_cart,desktop,EU,463.49
2025-01-01 02:36:21,user_24,sess_2864,click,mobile,EU,0.0
2025-01-01 16:18:03,user_12,sess_7018,video_play,mobile,APAC,0.0
2025-01-01 23:13:33,user_4,sess_6780,click,mobile,EU,0.0
2025-01-01 08:27:55,user_40,sess_3230,search,tablet,LATAM,0.0
2025-01-01 12:33:39,user_28,sess_5106,search,tablet,APAC,0.0
2025-01-01 22:22:52,user_41,sess_1959,video_play,desktop,US,0.0
2025-01-01 02:24:38,user_34,sess_9865,add_to_cart,mobile,US,41.93
2025-01-01 06:56:15,user_43,sess_4339,click,tablet,EU,0.0
2025-01-01 02:37:49,user_24,sess_4934,add_to_cart,desktop,EU,482.29
2025-01-01 22:45:24,user_29,sess_6608,purchase,tablet,EU,40.1
2025-01-01 16:05:30,user_23,sess_8790,add_to_cart,desktop,US,398.53
2025-01-01 18:47:45,user_49,sess_4304,video_play,desktop,EU,0.0
2025-01-01 12:14:21,user_11,sess_1341,page_view,desktop,EU,0.0
2025-01-01 18:53:28,user_36,sess_9028,search,mobile,LATAM,0.0
2025-01-01 15:50:04,user_14,sess_1826,add_to_cart,tablet,APAC,392.54
2025-01-01 16:54:09,user_19,sess_4741,purchase,desktop,APAC,473.12
2025-01-01 17:58:37,user_6,sess_9422,purchase,tablet,APAC,22.59
2025-01-01 18:51:47,user_19,sess_3668,page_view,desktop,EU,0.0
2025-01-01 00:38:02,user_23,sess_2116,add_to_cart,mobile,US,226.49
2025-01-01 14:33:30,user_45,sess_7266,search,tablet,EU,0.0
2025-01-01 00:48:05,user_1,sess_8169,video_play,desktop,EU,0.0
2025-01-01 18:09:55,user_12,sess_2469,search,tablet,APAC,0.0
2025-01-01 20:20:00,user_50,sess_8548,purchase,tablet,EU,152.93
2025-01-01 22:53:03,user_33,sess_4570,purchase,tablet,EU,316.59
2025-01-01 16:23:21,user_8,sess_8527,click,tablet,US,0.0
2025-01-01 07:53:23,user_32,sess_8760,search,tablet,APAC,0.0
2025-01-01 07:13:13,user_8,sess_6113,video_play,tablet,APAC,0.0
2025-01-01 19:32:24,user_42,sess_6262,click,desktop,EU,0.0
2025-01-01 17:34:52,user_3,sess_9543,page_view,tablet,APAC,0.0
2025-01-01 20:53:40,user_25,sess_5424,page_view,tablet,US,0.0
2025-01-01 03:08:58,user_1,sess_5836,click,desktop,US,0.0
2025-01-01 02:26:35,user_46,sess_9498,add_to_cart,tablet,US,281.86
2025-01-01 00:05:19,user_2,sess_9943,page_view,tablet,US,0.0
2025-01-01 07:20:02,user_49,sess_9070,page_view,mobile,APAC,0.0
2025-01-01 01:07:18,user_13,sess_5569,click,tablet,US,0.0
2025-01-01 23:45:39,user_39,sess_6380,click,desktop,EU,0.0
2025-01-01 09:53:30,user_22,sess_4982,add_to_cart,desktop,APAC,377.06
2025-01-01 10:33:22,user_46,sess_5010,add_to_cart,desktop,US,475.53
2025-01-01 11:56:18,user_18,sess_6544,click,mobile,APAC,0.0
2025-01-01 18:02:55,user_49,sess_3716,search,desktop,US,0.0
2025-01-01 10:19:57,user_16,sess_7284,purchase,tablet,EU,453.27
2025-01-01 21:12:47,user_41,sess_2843,add_to_cart,tablet,APAC,331.18
2025-01-01 02:23:18,user_20,sess_3559,search,mobile,US,0.0
2025-01-01 18:04:58,user_21,sess_6936,page_view,desktop,US,0.0
2025-01-01 12:12:41,user_10,sess_1591,page_view,desktop,US,0.0
2025-01-01 02:32:55,user_36,sess_6740,add_to_cart,mobile,EU,498.56
2025-01-01 09:25:04,user_26,sess_5467,page_view,desktop,EU,0.0
2025-01-01 00:03:33,user_7,sess_3342,purchase,desktop,US,460.52
2025-01-01 19:58:07,user_31,sess_1718,purchase,desktop,US,128.92
2025-01-01 10:52:39,user_2,sess_9570,click,desktop,APAC,0.0
2025-01-01 11:37:55,user_19,sess_5026,purchase,mobile,LATAM,25.56
2025-01-01 09:23:17,user_28,sess_2384,video_play,tablet,LATAM,0.0
2025-01-01 20:11:43,user_41,sess_4471,click,tablet,US,0.0
2025-01-01 09:26:50,user_37,sess_2990,click,tablet,EU,0.0
2025-01-01 18:42:33,user_18,sess_4630,click,desktop,EU,0.0
2025-01-01 22:54:19,user_4,sess_3138,page_view,desktop,US,0.0
2025-01-01 01:31:06,user_24,sess_4123,purchase,tablet,APAC,19.2
2025-01-01 19:45:47,user_45,sess_3650,add_to_cart,desktop,US,297.73
2025-01-01 23:40:33,user_30,sess_3658,page_view,mobile,EU,0.0
2025-01-01 01:41:21,user_10,sess_3672,click,mobile,US,0.0
2025-01-01 03:52:43,user_30,sess_5802,purchase,mobile,APAC,394.86
2025-01-01 23:36:35,user_16,sess_8353,click,desktop,APAC,0.0
2025-01-01 12:18:29,user_46,sess_3767,add_to_cart,tablet,EU,72.82
2025-01-01 01:42:18,user_37,sess_1500,add_to_cart,desktop,LATAM,16.44
2025-01-01 11:17:55,user_6,sess_4265,page_view,mobile,APAC,0.0
2025-01-01 06:09:01,user_42,sess_4270,click,mobile,APAC,0.0
2025-01-01 23:39:15,user_31,sess_9971,purchase,desktop,US,40.15
2025-01-01 04:07:36,user_4,sess_5611,click,tablet,US,0.0
2025-01-01 18:49:59,user_13,sess_6185,purchase,mobile,LATAM,36.83
2025-01-01 06:10:59,user_17,sess_8982,search,tablet,EU,0.0
2025-01-01 17:37:18,user_11,sess_7551,page_view,tablet,EU,0.0
2025-01-01 16:16:50,user_35,sess_2217,video_play,mobile,EU,0.0
2025-01-01 12:53:31,user_6,sess_7672,page_view,desktop,APAC,0.0
2025-01-01 04:44:25,user_34,sess_3740,purchase,desktop,US,395.89
2025-01-01 22:19:09,user_16,sess_4528,page_view,desktop,LATAM,0.0
2025-01-01 13:35:22,user_16,sess_4572,page_view,desktop,APAC,0.0
2025-01-01 04:52:51,user_34,sess_2602,add_to_cart,tablet,APAC,82.78
2025-01-01 22:01:00,user_46,sess_5008,search,desktop,US,0.0
2025-01-01 09:52:22,user_43,sess_2401,page_view,tablet,APAC,0.0
2025-01-01 04:18:30,user_23,sess_4528,click,desktop,US,0.0
2025-01-01 11:15:28,user_43,sess_9572,search,tablet,EU,0.0
2025-01-01 15:56:18,user_16,sess_3431,click,desktop,EU,0.0
2025-01-01 17:01:54,user_41,sess_3133,add_to_cart,mobile,US,349.56
2025-01-01 18:04:18,user_46,sess_6695,click,tablet,EU,0.0
2025-01-01 16:55:02,user_16,sess_7731,video_play,desktop,US,0.0
2025-01-01 15:56:15,user_7,sess_2889,video_play,desktop,APAC,0.0
2025-01-01 11:42:46,user_49,sess_8343,search,desktop,APAC,0.0
2025-01-01 07:39:35,user_41,sess_3178,search,desktop,LATAM,0.0
2025-01-01 04:11:07,user_48,sess_2904,click,tablet,US,0.0
2025-01-01 22:58:28,user_26,sess_6939,video_play,desktop,EU,0.0
2025-01-01 17:48:18,user_21,sess_5382,page_view,tablet,EU,0.0
2025-01-01 22:44:48,user_40,sess_6472,add_to_cart,mobile,LATAM,252.06
2025-01-01 22:26:26,user_7,sess_9584,click,tablet,EU,0.0
2025-01-01 01:23:57,user_46,sess_3250,search,mobile,EU,0.0
2025-01-01 05:23:01,user_36,sess_5990,page_view,mobile,EU,0.0
2025-01-01 00:37:14,user_8,sess_7198,add_to_cart,tablet,LATAM,38.21
2025-01-01 15:12:29,user_9,sess_6357,purchase,desktop,EU,17.74
2025-01-01 07:44:43,user_12,sess_2126,click,mobile,US,0.0
2025-01-01 03:43:10,user_28,sess_7395,page_view,tablet,LATAM,0.0
2025-01-01 00:05:34,user_29,sess_8068,click,tablet,LATAM,0.0
2025-01-01 01:26:05,user_1,sess_9701,add_to_cart,desktop,APAC,367.27
2025-01-01 04:20:12,user_19,sess_8924,page_view,mobile,LATAM,0.0
2025-01-01 00:43:42,user_12,sess_3446,video_play,desktop,APAC,0.0
2025-01-01 19:27:38,user_33,sess_5325,video_play,mobile,APAC,0.0
2025-01-01 23:40:08,user_30,sess_5228,purchase,desktop,APAC,341.78
2025-01-01 05:56:05,user_42,sess_6859,click,tablet,APAC,0.0
2025-01-01 07:25:24,user_10,sess_3990,click,tablet,LATAM,0.0
2025-01-01 20:49:21,user_23,sess_4414,search,tablet,LATAM,0.0
2025-01-01 20:44:35,user_28,sess_3019,add_to_cart,mobile,APAC,6.4
2025-01-01 04:42:14,user_41,sess_6853,purchase,mobile,LATAM,251.47
2025-01-01 20:26:26,user_23,sess_7027,page_view,desktop,EU,0.0
2025-01-01 15:49:58,user_18,sess_5483,video_play,tablet,APAC,0.0
2025-01-01 03:07:41,user_38,sess_8911,purchase,tablet,APAC,219.85
2025-01-01 09:23:34,user_11,sess_8070,search,desktop,US,0.0
2025-01-01 09:04:04,user_1,sess_4135,search,mobile,EU,0.0
2025-01-01 15:51:38,user_29,sess_6924,purchase,desktop,LATAM,313.75
2025-01-01 16:50:55,user_49,sess_4226,click,mobile,US,0.0
2025-01-01 16:44:35,user_47,sess_6878,video_play,tablet,LATAM,0.0
2025-01-01 12:55:15,user_12,sess_1921,purchase,mobile,US,306.47
2025-01-01 15:03:48,user_40,sess_4585,add_to_cart,mobile,LATAM,335.45
2025-01-01 04:40:12,user_18,sess_3732,add_to_cart,mobile,EU,252.04
2025-01-01 19:18:06,user_43,sess_2876,add_to_cart,tablet,EU,2.67
2025-01-01 06:08:58,user_30,sess_4707,add_to_cart,desktop,APAC,476.91
2025-01-01 02:42:08,user_39,sess_9387,add_to_cart,tablet,EU,106.92
2025-01-01 19:51:19,user_29,sess_8380,page_view,tablet,US,0.0
2025-01-01 11:13:54,user_39,sess_8964,page_view,mobile,APAC,0.0
2025-01-01 07:44:14,user_35,sess_8362,page_view,desktop,APAC,0.0
2025-01-01 00:27:38,user_34,sess_4254,purchase,tablet,EU,232.57
2025-01-01 09:47:53,user_22,sess_9788,page_view,mobile,LATAM,0.0
2025-01-01 07:23:20,user_42,sess_3088,page_view,mobile,US,0.0
2025-01-01 06:21:04,user_7,sess_7404,video_play,tablet,LATAM,0.0
2025-01-01 06:44:28,user_31,sess_4105,video_play,tablet,US,0.0
2025-01-01 22:28:56,user_25,sess_7802,purchase,desktop,APAC,352.33
2025-01-01 16:18:44,user_46,sess_8724,video_play,tablet,APAC,0.0
2025-01-01 11:31:14,user_6,sess_5675,page_view,tablet,EU,0.0
2025-01-01 18:09:31,user_26,sess_4022,add_to_cart,mobile,EU,316.05
2025-01-01 00:44:43,user_27,sess_9415,video_play,desktop,US,0.0
2025-01-01 00:25:18,user_17,sess_2497,search,mobile,LATAM,0.0
2025-01-01 15:33:45,user_21,sess_1684,search,tablet,LATAM,0.0
2025-01-01 20:22:45,user_35,sess_7511,click,tablet,US,0.0
2025-01-01 16:22:02,user_27,sess_9288,search,tablet,US,0.0
2025-01-01 15:59:03,user_23,sess_4474,search,mobile,APAC,0.0
2025-01-01 01:06:12,user_49,sess_4533,search,mobile,US,0.0
2025-01-01 21:03:16,user_15,sess_8466,click,mobile,LATAM,0.0
2025-01-01 07:33:49,user_3,sess_5278,search,desktop,US,0.0
2025-01-01 13:31:03,user_8,sess_9483,search,mobile,APAC,0.0
2025-01-01 00:34:53,user_10,sess_3187,purchase,tablet,APAC,295.2
2025-01-01 10:26:28,user_36,sess_3150,purchase,desktop,EU,313.3
2025-01-01 14:17:54,user_9,sess_9054,purchase,desktop,US,13.94
2025-01-01 06:45:57,user_39,sess_8358,video_play,mobile,APAC,0.0
2025-01-01 21:56:22,user_19,sess_8961,add_to_cart,desktop,APAC,39.36
2025-01-01 08:55:36,user_19,sess_3435,search,mobile,LATAM,0.0
2025-01-01 00:40:03,user_37,sess_2182,purchase,tablet,US,58.08
2025-01-01 23:28:38,user_4,sess_3540,page_view,mobile,APAC,0.0
2025-01-01 16:36:28,user_43,sess_3760,page_view,tablet,APAC,0.0
2025-01-01 19:40:41,user_25,sess_7061,add_to_cart,tablet,EU,113.92
2025-01-01 15:43:35,user_32,sess_3427,video_play,desktop,EU,0.0
2025-01-01 09:21:34,user_3,sess_9059,click,mobile,LATAM,0.0
2025-01-01 20:18:43,user_9,sess_2053,purchase,desktop,US,238.12
2025-01-01 04:04:11,user_29,sess_5360,page_view,mobile,US,0.0
2025-01-01 02:23:31,user_21,sess_3256,search,desktop,LATAM,0.0
2025-01-01 14:43:10,user_23,sess_6436,purchase,tablet,APAC,321.21
2025-01-01 17:52:53,user_42,sess_9113,click,mobile,APAC,0.0
2025-01-01 03:47:37,user_20,sess_9465,page_view,desktop,EU,0.0
2025-01-01 21:06:22,user_34,sess_9861,click,tablet,APAC,0.0
2025-01-01 18:12:36,user_48,sess_2662,search,tablet,LATAM,0.0
2025-01-01 06:50:58,user_47,sess_1065,click,mobile,US,0.0
2025-01-01 20:36:25,user_39,sess_6758,search,tablet,EU,0.0
2025-01-01 13:11:17,user_36,sess_2925,search,tablet,EU,0.0
2025-01-01 22:40:15,user_8,sess_2152,search,mobile,APAC,0.0
2025-01-01 18:47:17,user_5,sess_3277,page_view,mobile,LATAM,0.0
2025-01-01 09:44:08,user_33,sess_5500,search,mobile,LATAM,0.0
2025-01-01 09:48:39,user_10,sess_8737,video_play,mobile,US,0.0
2025-01-01 18:52:38,user_30,sess_1671,add_to_cart,tablet,US,175.82
2025-01-01 16:59:17,user_12,sess_7313,page_view,desktop,APAC,0.0
2025-01-01 03:47:23,user_2,sess_6254,purchase,desktop,LATAM,126.86
2025-01-01 15:59:10,user_46,sess_7669,add_to_cart,desktop,EU,338.99
2025-01-01 20:48:25,user_22,sess_2194,click,tablet,APAC,0.0
2025-01-01 13:47:01,user_11,sess_4329,click,tablet,US,0.0
2025-01-01 04:26:32,user_36,sess_8887,add_to_cart,desktop,US,211.12
2025-01-01 09:14:58,user_2,sess_5770,click,desktop,EU,0.0
2025-01-01 04:28:41,user_1,sess_6539,page_view,mobile,US,0.0
2025-01-01 16:27:49,user_12,sess_5018,page_view,tablet,APAC,0.0
2025-01-01 10:04:25,user_8,sess_3447,click,tablet,US,0.0
2025-01-01 15:52:34,user_44,sess_6276,click,desktop,LATAM,0.0
2025-01-01 23:20:28,user_46,sess_7538,click,mobile,LATAM,0.0
2025-01-01 01:38:13,user_15,sess_1602,search,tablet,LATAM,0.0
2025-01-01 09:45:41,user_32,sess_1684,add_to_cart,desktop,US,415.74
2025-01-01 22:21:46,user_29,sess_7098,purchase,tablet,EU,52.79
2025-01-01 05:20:35,user_15,sess_2006,add_to_cart,tablet,EU,392.18
2025-01-01 16:33:29,user_16,sess_5259,purchase,mobile,EU,7.42
2025-01-01 02:09:39,user_26,sess_3719,page_view,desktop,EU,0.0
2025-01-01 02:58:46,user_16,sess_8931,video_play,tablet,EU,0.0
2025-01-01 08:54:40,user_18,sess_1656,search,tablet,EU,0.0
2025-01-01 22:30:05,user_29,sess_9323,page_view,tablet,APAC,0.0
2025-01-01 06:19:53,user_18,sess_1953,page_view,desktop,US,0.0
2025-01-01 20:59:35,user_7,sess_1986,purchase,desktop,EU,262.5
2025-01-01 23:12:53,user_33,sess_3109,click,desktop,APAC,0.0
2025-01-01 11:02:31,user_35,sess_1252,search,mobile,APAC,0.0
2025-01-01 19:35:54,user_8,sess_8660,add_to_cart,mobile,LATAM,205.17
2025-01-01 23:20:55,user_27,sess_3396,video_play,mobile,APAC,0.0
2025-01-01 08:27:15,user_41,sess_4950,purchase,tablet,US,360.07
2025-01-01 06:30:03,user_25,sess_1112,add_to_cart,mobile,EU,176.07
2025-01-01 15:56:57,user_47,sess_7767,purchase,desktop,LATAM,455.03
2025-01-01 09:07:00,user_45,sess_5889,search,desktop,APAC,0.0
2025-01-01 19:43:19,user_39,sess_2589,purchase,desktop,US,31.94
2025-01-01 12:31:09,user_50,sess_4221,page_view,tablet,EU,0.0
2025-01-01 20:58:19,user_24,sess_9592,search,desktop,US,0.0
2025-01-01 17:02:11,user_44,sess_2847,purchase,desktop,APAC,240.6
2025-01-01 03:10:21,user_35,sess_2970,click,mobile,US,0.0
2025-01-01 03:04:13,user_19,sess_5995,click,desktop,LATAM,0.0
2025-01-01 14:52:34,user_7,sess_3947,click,desktop,US,0.0
2025-01-01 09:46:47,user_48,sess_8492,click,desktop,LATAM,0.0
2025-01-01 15:55:32,user_19,sess_5442,click,tablet,EU,0.0
2025-01-01 21:02:55,user_49,sess_4386,purchase,mobile,APAC,196.71
2025-01-01 22:46:22,user_4,sess_7045,add_to_cart,desktop,US,369.02
2025-01-01 16:08:00,user_50,sess_4383,search,mobile,EU,0.0
2025-01-01 22:28:22,user_11,sess_5982,add_to_cart,tablet,US,234.57
2025-01-01 03:22:26,user_23,sess_2504,purchase,tablet,APAC,131.8
2025-01-01 06:24:52,user_28,sess_6419,add_to_cart,mobile,LATAM,22.06
2025-01-01 00:56:22,user_24,sess_2214,search,tablet,EU,0.0
2025-01-01 14:13:24,user_5,sess_6087,click,desktop,LATAM,0.0
2025-01-01 19:52:55,user_6,sess_4762,search,tablet,LATAM,0.0
2025-01-01 07:50:11,user_41,sess_7261,click,mobile,APAC,0.0
2025-01-01 00:35:36,user_50,sess_5786,purchase,desktop,LATAM,95.07
2025-01-01 02:10:34,user_1,sess_1601,search,desktop,EU,0.0
2025-01-01 00:00:55,user_6,sess_3682,video_play,mobile,US,0.0
2025-01-01 23:13:42,user_47,sess_6752,search,tablet,APAC,0.0
2025-01-01 21:56:50,user_7,sess_2955,page_view,tablet,EU,0.0
2025-01-01 22:40:20,user_9,sess_8243,add_to_cart,mobile,APAC,168.67
2025-01-01 14:19:54,user_46,sess_4029,search,mobile,US,0.0
2025-01-01 19:39:53,user_40,sess_9601,search,tablet,US,0.0
2025-01-01 21:21:40,user_49,sess_8925,purchase,tablet,LATAM,310.07
2025-01-01 05:21:32,user_38,sess_6379,click,tablet,LATAM,0.0
2025-01-01 15:39:44,user_50,sess_7293,click,tablet,EU,0.0
2025-01-01 17:26:05,user_26,sess_3793,video_play,mobile,US,0.0
2025-01-01 03:25:48,user_2,sess_5536,page_view,tablet,US,0.0
2025-01-01 02:49:08,user_17,sess_6781,video_play,tablet,APAC,0.0
2025-01-01 20:00:20,user_9,sess_5888,video_play,tablet,US,0.0
2025-01-01 19:24:21,user_9,sess_7563,page_view,tablet,US,0.0
2025-01-01 11:46:59,user_18,sess_5452,add_to_cart,tablet,US,24.93
2025-01-01 01:15:19,user_3,sess_5966,add_to_cart,tablet,EU,316.99
2025-01-01 05:29:33,user_32,sess_2683,purchase,tablet,US,452.43
2025-01-01 03:15:15,user_24,sess_2352,click,desktop,US,0.0
2025-01-01 22:05:15,user_23,sess_5590,click,desktop,LATAM,0.0
2025-01-01 05:20:44,user_6,sess_8055,page_view,desktop,APAC,0.0
2025-01-01 21:09:30,user_14,sess_2255,search,tablet,APAC,0.0
2025-01-01 10:51:49,user_5,sess_2615,purchase,desktop,EU,466.22
2025-01-01 06:11:46,user_23,sess_9154,click,mobile,EU,0.0
2025-01-01 07:05:22,user_23,sess_7938,add_to_cart,desktop,APAC,153.78
2025-01-01 22:43:09,user_20,sess_9224,video_play,desktop,LATAM,0.0
2025-01-01 22:21:06,user_48,sess_9381,search,tablet,EU,0.0
2025-01-01 06:37:34,user_1,sess_4528,purchase,desktop,LATAM,35.78
2025-01-01 20:56:51,user_49,sess_8097,search,tablet,US,0.0
2025-01-01 03:46:23,user_32,sess_8173,video_play,desktop,LATAM,0.0
2025-01-01 02:41:07,user_35,sess_4724,click,desktop,LATAM,0.0
2025-01-01 23:12:30,user_13,sess_3061,page_view,mobile,US,0.0
2025-01-01 14:53:45,user_14,sess_5582,purchase,mobile,APAC,282.16
2025-01-01 02:43:02,user_45,sess_3089,search,desktop,APAC,0.0
2025-01-01 16:33:45,user_10,sess_6298,video_play,desktop,US,0.0
2025-01-01 17:59:38,user_43,sess_3013,page_view,desktop,EU,0.0
2025-01-01 17:22:05,user_28,sess_7479,video_play,desktop,US,0.0
2025-01-01 01:48:24,user_24,sess_1417,video_play,tablet,EU,0.0
2025-01-01 12:22:06,user_47,sess_6002,click,desktop,LATAM,0.0
2025-01-01 01:40:22,user_14,sess_3077,video_play,tablet,APAC,0.0
2025-01-01 14:14:40,user_44,sess_2677,click,tablet,US,0.0
2025-01-01 14:55:11,user_19,sess_5917,search,tablet,US,0.0
2025-01-01 17:04:23,user_42,sess_6837,purchase,mobile,APAC,108.5
2025-01-01 00:46:45,user_12,sess_3513,search,mobile,EU,0.0
2025-01-01 22:21:09,user_31,sess_1195,add_to_cart,tablet,US,105.45
2025-01-01 14:09:11,user_49,sess_9452,search,desktop,EU,0.0
2025-01-01 07:40:11,user_2,sess_8701,video_play,desktop,US,0.0
2025-01-01 20:32:51,user_8,sess_9166,video_play,tablet,LATAM,0.0
2025-01-01 02:24:46,user_8,sess_2255,page_view,mobile,US,0.0
2025-01-01 19:50:16,user_40,sess_1878,purchase,tablet,APAC,6.79
2025-01-01 05:18:51,user_8,sess_5549,purchase,desktop,EU,217.15
2025-01-01 04:39:28,user_34,sess_4163,search,mobile,US,0.0
2025-01-01 03:36:15,user_31,sess_3678,add_to_cart,tablet,US,131.66
2025-01-01 10:11:59,user_31,sess_3435,page_view,mobile,LATAM,0.0
2025-01-01 16:23:24,user_40,sess_8444,page_view,mobile,APAC,0.0
2025-01-01 10:59:09,user_19,sess_3966,search,desktop,LATAM,0.0
2025-01-01 23:06:19,user_6,sess_2783,add_to_cart,tablet,EU,480.86
2025-01-01 08:04:36,user_1,sess_2217,page_view,desktop,US,0.0
2025-01-01 15:42:12,user_3,sess_8408,add_to_cart,desktop,EU,171.38
2025-01-01 06:11:56,user_37,sess_8300,purchase,desktop,LATAM,68.61
2025-01-01 21:07:37,user_33,sess_1758,video_play,mobile,APAC,0.0
2025-01-01 23:18:46,user_6,sess_5201,click,desktop,EU,0.0
2025-01-01 15:27:53,user_8,sess_1574,click,tablet,APAC,0.0
2025-01-01 00:53:07,user_33,sess_6679,click,tablet,LATAM,0.0
2025-01-01 11:04:45,user_31,sess_8705,video_play,desktop,LATAM,0.0
2025-01-01 04:54:51,user_6,sess_9565,click,desktop,EU,0.0
2025-01-01 17:17:31,user_14,sess_3977,click,mobile,US,0.0
2025-01-01 20:18:01,user_33,sess_3864,video_play,mobile,US,0.0
2025-01-01 13:03:31,user_42,sess_3681,add_to_cart,tablet,LATAM,232.82
2025-01-01 08:36:42,user_33,sess_3444,purchase,desktop,EU,211.74
2025-01-01 16:44:05,user_9,sess_3896,click,desktop,US,0.0
2025-01-01 11:13:28,user_4,sess_5500,click,desktop,LATAM,0.0
2025-01-01 03:09:26,user_22,sess_1470,page_view,desktop,EU,0.0
2025-01-01 11:25:22,user_3,sess_7373,page_view,tablet,LATAM,0.0
2025-01-01 19:53:14,user_20,sess_5147,purchase,desktop,US,249.62
2025-01-01 12:45:03,user_4,sess_5061,page_view,mobile,APAC,0.0
2025-01-01 16:47:53,user_34,sess_5909,page_view,tablet,LATAM,0.0
2025-01-01 04:47:59,user_40,sess_6385,video_play,mobile,US,0.0
2025-01-01 12:56:46,user_2,sess_1656,video_play,desktop,APAC,0.0
2025-01-01 11:29:02,user_34,sess_8635,video_play,tablet,APAC,0.0
2025-01-01 19:19:48,user_15,sess_1976,add_to_cart,tablet,US,262.9
2025-01-01 16:44:08,user_8,sess_4236,add_to_cart,mobile,US,105.44
2025-01-01 12:11:06,user_11,sess_3168,purchase,tablet,LATAM,283.86
2025-01-01 16:50:43,user_4,sess_5740,click,desktop,APAC,0.0
2025-01-01 08:57:12,user_32,sess_3398,page_view,desktop,EU,0.0
2025-01-01 09:48:37,user_32,sess_8273,click,tablet,US,0.0
2025-01-01 22:36:13,user_23,sess_8215,page_view,desktop,LATAM,0.0
2025-01-01 19:40:31,user_37,sess_9328,purchase,tablet,LATAM,217.0
2025-01-01 17:30:01,user_40,sess_6782,page_view,desktop,EU,0.0
2025-01-01 21:15:35,user_13,sess_2753,click,desktop,LATAM,0.0
2025-01-01 02:44:11,user_30,sess_8434,click,desktop,APAC,0.0
2025-01-01 07:35:39,user_19,sess_8649,click,mobile,US,0.0
2025-01-01 18:19:47,user_10,sess_7652,purchase,tablet,EU,280.03
2025-01-01 22:45:19,user_40,sess_5086,click,tablet,EU,0.0
2025-01-01 20:39:04,user_5,sess_2494,video_play,desktop,APAC,0.0
2025-01-01 12:06:19,user_37,sess_5517,click,tablet,EU,0.0
2025-01-01 22:21:40,user_43,sess_5620,add_to_cart,tablet,US,47.99
2025-01-01 09:27:01,user_45,sess_7796,add_to_cart,mobile,US,36.36
2025-01-01 19:37:56,user_42,sess_3691,search,mobile,EU,0.0
2025-01-01 07:20:59,user_29,sess_8794,video_play,mobile,APAC,0.0
2025-01-01 19:34:24,user_9,sess_7938,purchase,mobile,APAC,249.22
2025-01-01 08:02:13,user_35,sess_4894,search,desktop,APAC,0.0
2025-01-01 19:00:42,user_9,sess_5223,purchase,mobile,APAC,254.17
2025-01-01 02:26:07,user_34,sess_5028,purchase,mobile,EU,399.24
2025-01-01 04:43:52,user_1,sess_8018,add_to_cart,desktop,EU,413.78
2025-01-01 16:28:13,user_6,sess_4940,video_play,tablet,US,0.0
2025-01-01 18:14:59,user_39,sess_1491,video_play,tablet,LATAM,0.0
2025-01-01 16:52:51,user_25,sess_4934,video_play,tablet,LATAM,0.0
2025-01-01 23:56:52,user_27,sess_9248,purchase,mobile,APAC,143.34
2025-01-01 22:11:32,user_34,sess_2288,search,tablet,LATAM,0.0
2025-01-01 12:29:43,user_25,sess_5188,purchase,desktop,APAC,30.22
2025-01-01 09:16:42,user_43,sess_7626,purchase,tablet,APAC,236.34
2025-01-01 18:40:42,user_40,sess_8318,page_view,mobile,US,0.0
2025-01-01 21:58:57,user_23,sess_3586,purchase,tablet,EU,370.9
2025-01-01 20:10:26,user_32,sess_9174,purchase,mobile,LATAM,150.4
2025-01-01 19:54:41,user_16,sess_8341,video_play,tablet,APAC,0.0
2025-01-01 15:46:48,user_12,sess_3327,purchase,desktop,LATAM,287.52
2025-01-01 15:15:59,user_1,sess_2576,video_play,desktop,EU,0.0
2025-01-01 19:56:04,user_48,sess_9040,purchase,desktop,APAC,103.87
2025-01-01 15:05:58,user_22,sess_5131,video_play,desktop,US,0.0
2025-01-01 04:45:24,user_42,sess_9142,search,tablet,EU,0.0
2025-01-01 04:52:01,user_28,sess_2518,click,tablet,LATAM,0.0
2025-01-01 06:45:57,user_23,sess_7862,video_play,desktop,US,0.0
2025-01-01 06:08:01,user_36,sess_4742,search,tablet,EU,0.0
2025-01-01 06:03:46,user_30,sess_9915,add_to_cart,tablet,LATAM,469.82
2025-01-01 08:38:33,user_3,sess_9694,purchase,desktop,LATAM,180.04
2025-01-01 17:16:58,user_33,sess_8429,purchase,tablet,EU,474.59
2025-01-01 03:05:17,user_13,sess_5727,purchase,tablet,APAC,22.0
2025-01-01 14:44:25,user_32,sess_4218,video_play,desktop,APAC,0.0
2025-01-01 18:03:52,user_25,sess_9706,page_view,desktop,US,0.0
2025-01-01 00:40:27,user_27,sess_6172,search,tablet,US,0.0
2025-01-01 12:41:02,user_32,sess_3765,purchase,desktop,US,333.56
2025-01-01 14:29:55,user_9,sess_6734,purchase,tablet,LATAM,239.55
2025-01-01 01:28:49,user_25,sess_9634,video_play,mobile,APAC,0.0
2025-01-01 12:40:02,user_20,sess_5144,add_to_cart,tablet,EU,444.94
2025-01-01 09:36:10,user_31,sess_8819,page_view,tablet,LATAM,0.0
2025-01-01 03:55:22,user_8,sess_2582,search,tablet,EU,0.0
2025-01-01 16:48:16,user_28,sess_1794,purchase,desktop,LATAM,252.71
2025-01-01 16:39:26,user_13,sess_2965,add_to_cart,mobile,LATAM,427.11
2025-01-01 12:05:17,user_2,sess_7228,page_view,mobile,APAC,0.0
2025-01-01 11:48:46,user_9,sess_9665,purchase,tablet,APAC,24.19
2025-01-01 18:57:29,user_7,sess_5610,purchase,mobile,US,329.15
2025-01-01 22:17:13,user_31,sess_4609,click,mobile,US,0.0
2025-01-01 21:11:21,user_35,sess_1388,page_view,mobile,EU,0.0
2025-01-01 12:38:01,user_4,sess_2841,video_play,mobile,APAC,0.0
2025-01-01 03:07:24,user_47,sess_2332,click,tablet,APAC,0.0
2025-01-01 12:56:54,user_43,sess_6020,video_play,mobile,US,0.0
2025-01-01 05:03:13,user_21,sess_8074,add_to_cart,desktop,APAC,458.03
2025-01-01 13:41:49,user_24,sess_4355,page_view,mobile,EU,0.0
2025-01-01 01:58:38,user_49,sess_4095,search,desktop,APAC,0.0
2025-01-01 07:46:01,user_39,sess_1014,click,tablet,LATAM,0.0
2025-01-01 19:21:33,user_32,sess_8194,page_view,desktop,APAC,0.0
2025-01-01 23:36:46,user_46,sess_6384,purchase,mobile,LATAM,189.08
2025-01-01 02:33:51,user_3,sess_5459,purchase,desktop,APAC,141.24
2025-01-01 09:05:38,user_8,sess_4340,search,mobile,APAC,0.0
2025-01-01 19:25:07,user_23,sess_9906,click,desktop,APAC,0.0
2025-01-01 04:48:22,user_3,sess_5931,page_view,tablet,EU,0.0
2025-01-01 14:28:36,user_13,sess_2652,purchase,tablet,LATAM,169.63
2025-01-01 23:35:49,user_41,sess_7488,page_view,mobile,EU,0.0
2025-01-01 02:40:07,user_17,sess_2081,video_play,tablet,APAC,0.0
2025-01-01 17:36:43,user_35,sess_2326,search,desktop,LATAM,0.0
2025-01-01 20:07:58,user_20,sess_1206,click,mobile,US,0.0
2025-01-01 22:30:31,user_43,sess_5789,click,mobile,US,0.0
2025-01-01 19:52:51,user_20,sess_4624,click,mobile,LATAM,0.0
2025-01-01 09:49:17,user_39,sess_8960,click,desktop,EU,0.0
2025-01-01 05:50:58,user_47,sess_3811,video_play,mobile,APAC,0.0
2025-01-01 02:01:16,user_24,sess_9917,page_view,desktop,EU,0.0
2025-01-01 06:25:22,user_42,sess_3426,video_play,tablet,LATAM,0.0
2025-01-01 15:19:41,user_46,sess_9690,video_play,tablet,EU,0.0
2025-01-01 18:00:16,user_23,sess_7830,video_play,desktop,LATAM,0.0
2025-01-01 20:58:05,user_46,sess_9772,search,mobile,LATAM,0.0
2025-01-01 20:06:17,user_18,sess_6415,search,tablet,APAC,0.0
2025-01-01 10:43:07,user_20,sess_4389,video_play,desktop,LATAM,0.0
2025-01-01 14:28:29,user_4,sess_6538,search,mobile,EU,0.0
2025-01-01 20:44:53,user_24,sess_2908,page_view,desktop,US,0.0
2025-01-01 13:46:49,user_33,sess_3862,search,tablet,US,0.0
2025-01-01 03:49:39,user_2,sess_8979,page_view,tablet,LATAM,0.0
2025-01-01 20:03:43,user_7,sess_8774,add_to_cart,desktop,EU,497.12
2025-01-01 07:30:45,user_48,sess_1854,purchase,tablet,EU,285.25
2025-01-01 21:04:39,user_26,sess_5949,page_view,desktop,LATAM,0.0
2025-01-01 02:41:14,user_44,sess_7612,add_to_cart,desktop,US,396.81
2025-01-01 22:48:24,user_19,sess_5824,add_to_cart,mobile,EU,162.51
2025-01-01 22:28:21,user_45,sess_1679,add_to_cart,tablet,EU,494.82
2025-01-01 01:41:15,user_24,sess_8280,click,tablet,APAC,0.0
2025-01-01 10:57:18,user_49,sess_8645,purchase,tablet,US,14.05
2025-01-01 01:23:21,user_25,sess_7355,add_to_cart,mobile,US,387.48
2025-01-01 18:10:33,user_4,sess_1903,search,tablet,EU,0.0
2025-01-01 22:28:55,user_38,sess_3872,search,desktop,US,0.0
2025-01-01 12:46:53,user_46,sess_8682,purchase,mobile,APAC,27.05
2025-01-01 11:32:00,user_39,sess_4671,video_play,mobile,APAC,0.0
2025-01-01 21:15:02,user_42,sess_2232,page_view,mobile,APAC,0.0
2025-01-01 01:07:02,user_16,sess_9618,page_view,desktop,US,0.0
2025-01-01 14:44:13,user_8,sess_9070,add_to_cart,desktop,EU,465.57
2025-01-01 18:05:29,user_9,sess_8014,click,desktop,EU,0.0
2025-01-01 17:53:42,user_12,sess_7174,click,tablet,US,0.0
2025-01-01 03:01:50,user_41,sess_6667,video_play,tablet,EU,0.0
2025-01-01 00:51:56,user_18,sess_5220,add_to_cart,desktop,EU,38.57
2025-01-01 00:40:23,user_8,sess_6521,click,desktop,US,0.0
2025-01-01 13:40:47,user_28,sess_7385,search,desktop,APAC,0.0
2025-01-01 05:11:14,user_30,sess_8103,add_to_cart,mobile,EU,378.91
2025-01-01 23:59:51,user_33,sess_4909,click,tablet,EU,0.0
2025-01-01 08:43:36,user_28,sess_8624,add_to_cart,mobile,US,62.33
2025-01-01 09:36:22,user_8,sess_5029,purchase,desktop,LATAM,110.25
2025-01-01 13:49:14,user_41,sess_6338,video_play,mobile,US,0.0
2025-01-01 17:22:15,user_8,sess_4285,video_play,mobile,US,0.0
2025-01-01 02:58:27,user_14,sess_2759,page_view,desktop,APAC,0.0
2025-01-01 02:17:04,user_10,sess_6634,page_view,desktop,APAC,0.0
2025-01-01 04:44:57,user_18,sess_2582,click,desktop,US,0.0
2025-01-01 10:02:24,user_31,sess_5969,search,mobile,EU,0.0
2025-01-01 07:44:51,user_48,sess_1459,video_play,desktop,US,0.0
2025-01-01 09:45:37,user_49,sess_3113,video_play,mobile,LATAM,0.0
2025-01-01 21:16:41,user_17,sess_4642,page_view,desktop,LATAM,0.0
2025-01-01 22:45:50,user_8,sess_2969,video_play,tablet,US,0.0
2025-01-01 20:43:20,user_15,sess_5349,search,tablet,APAC,0.0
2025-01-01 04:13:01,user_48,sess_4606,purchase,tablet,EU,247.51
2025-01-01 09:40:42,user_12,sess_7516,search,desktop,US,0.0
2025-01-01 01:59:54,user_28,sess_2531,purchase,desktop,APAC,48.24
2025-01-01 10:38:18,user_8,sess_3509,add_to_cart,mobile,US,352.79
2025-01-01 14:39:54,user_33,sess_8374,video_play,mobile,US,0.0
2025-01-01 23:20:49,user_35,sess_1274,purchase,tablet,US,441.61
2025-01-01 13:06:15,user_34,sess_2721,video_play,tablet,LATAM,0.0
2025-01-01 10:14:50,user_43,sess_5921,purchase,tablet,EU,368.61
2025-01-01 15:42:15,user_16,sess_7844,add_to_cart,desktop,LATAM,430.2
2025-01-01 15:59:52,user_43,sess_5346,purchase,mobile,LATAM,366.14
2025-01-01 05:31:44,user_13,sess_4918,add_to_cart,desktop,LATAM,476.33
2025-01-01 07:11:44,user_47,sess_5626,purchase,tablet,US,404.55
2025-01-01 01:46:25,user_39,sess_1057,search,tablet,US,0.0
2025-01-01 11:22:52,user_20,sess_9373,search,tablet,US,0.0
2025-01-01 13:36:08,user_6,sess_1194,click,desktop,LATAM,0.0
2025-01-01 18:53:15,user_33,sess_5267,video_play,desktop,APAC,0.0
2025-01-01 05:56:51,user_22,sess_5890,add_to_cart,mobile,US,0.32
2025-01-01 00:14:35,user_10,sess_2987,page_view,tablet,LATAM,0.0
2025-01-01 14:25:32,user_30,sess_2215,search,mobile,EU,0.0
2025-01-01 20:31:34,user_44,sess_4361,purchase,tablet,LATAM,379.86
2025-01-01 07:28:02,user_49,sess_1882,purchase,tablet,EU,141.5
2025-01-01 13:40:47,user_22,sess_8086,page_view,tablet,EU,0.0
2025-01-01 20:26:35,user_9,sess_5712,click,mobile,APAC,0.0
2025-01-01 06:20:07,user_48,sess_1968,purchase,mobile,APAC,497.34
2025-01-01 14:06:30,user_38,sess_1283,video_play,desktop,US,0.0
2025-01-01 12:22:00,user_29,sess_8504,add_to_cart,desktop,APAC,106.88
2025-01-01 09:07:10,user_7,sess_9793,add_to_cart,desktop,LATAM,463.14
2025-01-01 15:43:06,user_36,sess_4549,click,desktop,APAC,0.0
2025-01-01 12:21:53,user_4,sess_1274,click,tablet,EU,0.0
2025-01-01 22:51:04,user_33,sess_6738,page_view,mobile,US,0.0
2025-01-01 06:45:13,user_28,sess_8680,click,mobile,EU,0.0
2025-01-01 16:48:47,user_47,sess_2562,click,desktop,EU,0.0
2025-01-01 05:10:46,user_32,sess_9760,click,desktop,APAC,0.0
2025-01-01 12:07:43,user_17,sess_2301,click,mobile,APAC,0.0
2025-01-01 14:39:07,user_3,sess_9695,search,desktop,EU,0.0
2025-01-01 04:42:45,user_47,sess_9949,click,mobile,LATAM,0.0
2025-01-01 00:16:36,user_4,sess_2882,click,desktop,EU,0.0
2025-01-01 02:47:29,user_10,sess_8092,click,mobile,APAC,0.0
2025-01-01 08:36:48,user_34,sess_1703,purchase,desktop,EU,148.8
2025-01-01 05:03:21,user_49,sess_2091,purchase,tablet,APAC,443.69
2025-01-01 12:52:41,user_25,sess_1176,click,tablet,LATAM,0.0
2025-01-01 14:17:26,user_9,sess_8183,purchase,tablet,LATAM,239.06
2025-01-01 17:47:53,user_25,sess_6827,click,tablet,US,0.0
2025-01-01 15:02:53,user_8,sess_5524,search,desktop,LATAM,0.0
2025-01-01 18:43:11,user_46,sess_3348,page_view,tablet,EU,0.0
2025-01-01 19:16:09,user_46,sess_9074,add_to_cart,desktop,APAC,396.17
2025-01-01 11:42:55,user_4,sess_5891,search,tablet,US,0.0
2025-01-01 11:04:59,user_44,sess_8650,page_view,mobile,LATAM,0.0
2025-01-01 22:43:02,user_16,sess_9641,page_view,mobile,EU,0.0
2025-01-01 03:27:10,user_43,sess_2095,add_to_cart,tablet,US,116.73
2025-01-01 08:13:53,user_14,sess_7551,search,desktop,US,0.0
2025-01-01 16:36:40,user_5,sess_8097,search,mobile,LATAM,0.0
2025-01-01 04:56:44,user_46,sess_6975,search,desktop,LATAM,0.0
2025-01-01 23:49:28,user_39,sess_1617,click,tablet,LATAM,0.0
2025-01-01 03:08:30,user_12,sess_2066,search,tablet,US,0.0
2025-01-01 13:38:14,user_43,sess_2668,search,desktop,LATAM,0.0
2025-01-01 15:25:14,user_33,sess_2379,add_to_cart,tablet,APAC,47.82
2025-01-01 13:15:17,user_26,sess_7539,purchase,mobile,LATAM,248.98
2025-01-01 13:24:23,user_10,sess_7318,page_view,desktop,LATAM,0.0
2025-01-01 06:11:26,user_39,sess_5226,search,mobile,US,0.0
2025-01-01 03:10:21,user_15,sess_7842,video_play,tablet,APAC,0.0
2025-01-01 06:30:55,user_50,sess_4105,click,mobile,US,0.0
2025-01-01 18:50:48,user_18,sess_7082,add_to_cart,mobile,EU,243.58
2025-01-01 14:39:26,user_27,sess_3606,video_play,desktop,US,0.0
2025-01-01 08:11:21,user_13,sess_9546,video_play,mobile,APAC,0.0
2025-01-01 12:09:10,user_50,sess_1935,add_to_cart,desktop,LATAM,200.93
2025-01-01 23:55:10,user_15,sess_2901,search,desktop,LATAM,0.0
2025-01-01 05:49:50,user_40,sess_9409,search,desktop,EU,0.0
2025-01-01 01:24:10,user_38,sess_9231,purchase,tablet,US,399.63
2025-01-01 22:04:39,user_14,sess_7407,click,mobile,LATAM,0.0
2025-01-01 18:35:34,user_25,sess_7140,page_view,desktop,EU,0.0
2025-01-01 04:28:57,user_16,sess_7282,search,desktop,APAC,0.0
2025-01-01 21:45:53,user_30,sess_6870,add_to_cart,mobile,EU,23.69
2025-01-01 20:05:24,user_21,sess_8484,add_to_cart,desktop,EU,114.04
2025-01-01 02:56:05,user_50,sess_8996,page_view,mobile,LATAM,0.0
2025-01-01 09:00:31,user_24,sess_7293,purchase,mobile,LATAM,289.99
2025-01-01 15:58:22,user_5,sess_9419,video_play,mobile,APAC,0.0
2025-01-01 08:27:37,user_18,sess_6775,purchase,mobile,APAC,66.8
2025-01-01 12:16:57,user_32,sess_3261,search,desktop,EU,0.0
2025-01-01 18:03:56,user_47,sess_4636,click,tablet,EU,0.0
2025-01-01 21:11:39,user_14,sess_4465,search,tablet,EU,0.0
2025-01-01 16:15:50,user_31,sess_8013,page_view,desktop,LATAM,0.0
2025-01-01 16:12:04,user_8,sess_2652,page_view,mobile,US,0.0
2025-01-01 18:52:29,user_10,sess_4923,search,tablet,APAC,0.0
2025-01-01 00:33:10,user_15,sess_3527,add_to_cart,mobile,EU,96.35
2025-01-01 00:06:12,user_29,sess_3404,page_view,desktop,EU,0.0
2025-01-01 18:40:35,user_25,sess_7801,add_to_cart,tablet,LATAM,339.35
2025-01-01 01:21:16,user_9,sess_8461,search,mobile,APAC,0.0
2025-01-01 08:13:32,user_34,sess_1429,page_view,desktop,APAC,0.0
2025-01-01 16:46:41,user_31,sess_1041,purchase,desktop,APAC,397.28
2025-01-01 21:30:55,user_29,sess_8514,purchase,desktop,EU,69.4
2025-01-01 07:45:39,user_1,sess_6499,click,mobile,EU,0.0
2025-01-01 01:11:59,user_38,sess_9661,click,desktop,LATAM,0.0
2025-01-01 01:47:58,user_8,sess_6481,page_view,mobile,APAC,0.0
2025-01-01 07:02:00,user_47,sess_8279,purchase,mobile,US,315.68
2025-01-01 21:47:03,user_28,sess_9185,page_view,desktop,APAC,0.0
2025-01-01 18:34:50,user_28,sess_3626,page_view,tablet,US,0.0
2025-01-01 20:49:48,user_19,sess_9648,purchase,tablet,US,434.59
2025-01-01 19:22:34,user_32,sess_7125,video_play,mobile,APAC,0.0
2025-01-01 11:26:02,user_19,sess_2797,add_to_cart,desktop,EU,176.09
2025-01-01 12:39:01,user_36,sess_9932,add_to_cart,desktop,LATAM,316.59
2025-01-01 02:27:52,user_20,sess_1146,purchase,mobile,LATAM,276.48
2025-01-01 06:04:28,user_24,sess_6787,search,mobile,US,0.0
2025-01-01 18:35:47,user_19,sess_8815,page_view,desktop,APAC,0.0
2025-01-01 15:12:04,user_47,sess_5242,purchase,desktop,US,431.6
2025-01-01 19:24:49,user_30,sess_4305,purchase,tablet,US,216.71
2025-01-01 21:53:45,user_2,sess_6831,search,tablet,US,0.0
2025-01-01 12:33:45,user_20,sess_1458,video_play,desktop,US,0.0
2025-01-01 02:00:49,user_39,sess_6558,purchase,desktop,US,91.29
2025-01-01 07:29:49,user_11,sess_8495,click,mobile,APAC,0.0
2025-01-01 04:39:48,user_33,sess_8181,add_to_cart,desktop,US,390.49
2025-01-01 18:45:38,user_24,sess_6397,search,mobile,EU,0.0
2025-01-01 11:03:03,user_40,sess_8628,add_to_cart,mobile,EU,182.76
2025-01-01 01:18:41,user_25,sess_4261,video_play,tablet,EU,0.0
2025-01-01 13:17:00,user_25,sess_6872,video_play,tablet,APAC,0.0
2025-01-01 10:44:27,user_47,sess_5410,click,desktop,EU,0.0
2025-01-01 01:05:52,user_36,sess_5432,search,mobile,LATAM,0.0
2025-01-01 18:39:15,user_30,sess_8111,add_to_cart,desktop,US,150.58
2025-01-01 17:21:54,user_50,sess_8917,add_to_cart,tablet,EU,215.46
2025-01-01 22:04:37,user_30,sess_5529,purchase,tablet,US,33.14
2025-01-01 10:45:45,user_7,sess_3576,purchase,desktop,EU,464.07
2025-01-01 07:31:01,user_10,sess_8946,video_play,mobile,US,0.0
2025-01-01 20:42:31,user_14,sess_2864,click,tablet,US,0.0
2025-01-01 03:12:51,user_13,sess_5287,page_view,tablet,US,0.0
2025-01-01 11:35:27,user_8,sess_9879,add_to_cart,tablet,EU,102.85
2025-01-01 19:13:48,user_8,sess_8392,purchase,desktop,APAC,20.22
2025-01-01 19:51:07,user_5,sess_1699,click,mobile,APAC,0.0
2025-01-01 06:12:15,user_16,sess_1304,add_to_cart,desktop,APAC,182.89
2025-01-01 16:44:44,user_44,sess_8217,search,desktop,US,0.0
2025-01-01 07:31:11,user_30,sess_1417,video_play,mobile,EU,0.0
2025-01-01 16:56:07,user_12,sess_6622,page_view,desktop,APAC,0.0
2025-01-01 08:17:13,user_50,sess_7740,video_play,mobile,EU,0.0
2025-01-01 18:41:54,user_1,sess_6383,click,mobile,US,0.0
2025-01-01 02:23:35,user_40,sess_3298,search,mobile,EU,0.0
2025-01-01 15:45:54,user_6,sess_8670,click,mobile,APAC,0.0
2025-01-01 02:06:23,user_4,sess_9754,search,desktop,US,0.0
2025-01-01 11:38:14,user_50,sess_4782,search,desktop,EU,0.0
2025-01-01 20:21:51,user_24,sess_3791,search,mobile,LATAM,0.0
2025-01-01 18:08:58,user_6,sess_7479,video_play,desktop,APAC,0.0
2025-01-01 03:28:52,user_5,sess_5267,search,mobile,US,0.0
2025-01-01 22:54:18,user_10,sess_8630,search,mobile,US,0.0
2025-01-01 15:52:23,user_28,sess_6714,add_to_cart,tablet,APAC,313.46
2025-01-01 10:04:26,user_17,sess_7877,page_view,desktop,US,0.0
2025-01-01 04:49:24,user_28,sess_3815,add_to_cart,tablet,EU,336.55
2025-01-01 08:47:40,user_39,sess_7430,video_play,tablet,APAC,0.0
2025-01-01 01:59:53,user_16,sess_4824,video_play,mobile,APAC,0.0
2025-01-01 11:02:21,user_40,sess_8126,click,desktop,EU,0.0
2025-01-01 00:37:50,user_7,sess_3034,page_view,tablet,LATAM,0.0
2025-01-01 15:43:22,user_30,sess_9286,page_view,tablet,EU,0.0
2025-01-01 15:19:07,user_25,sess_7951,page_view,mobile,EU,0.0
2025-01-01 07:22:31,user_41,sess_5196,click,tablet,APAC,0.0
2025-01-01 05:21:25,user_44,sess_7775,click,desktop,LATAM,0.0
2025-01-01 06:18:59,user_33,sess_5850,page_view,mobile,LATAM,0.0
2025-01-01 11:26:48,user_15,sess_6007,page_view,desktop,APAC,0.0
2025-01-01 21:27:58,user_31,sess_3568,search,mobile,US,0.0
2025-01-01 01:45:33,user_10,sess_3176,video_play,tablet,US,0.0
2025-01-01 05:01:47,user_38,sess_6376,add_to_cart,mobile,LATAM,131.94
2025-01-01 23:47:51,user_10,sess_2689,purchase,tablet,LATAM,47.26
2025-01-01 13:03:45,user_18,sess_9576,click,desktop,APAC,0.0
2025-01-01 00:05:55,user_22,sess_6715,purchase,tablet,EU,24.39
2025-01-01 10:04:22,user_48,sess_6622,add_to_cart,mobile,LATAM,218.18
2025-01-01 12:15:24,user_29,sess_6791,page_view,tablet,EU,0.0
2025-01-01 02:45:50,user_24,sess_8456,purchase,mobile,LATAM,301.45
2025-01-01 02:34:36,user_5,sess_1657,click,desktop,US,0.0
2025-01-01 07:53:29,user_49,sess_8662,add_to_cart,mobile,LATAM,187.15
2025-01-01 06:24:47,user_10,sess_3361,add_to_cart,desktop,LATAM,195.13
2025-01-01 20:28:37,user_43,sess_2545,page_view,tablet,APAC,0.0
2025-01-01 22:44:25,user_49,sess_4074,search,tablet,APAC,0.0
2025-01-01 12:18:13,user_12,sess_2420,page_view,mobile,LATAM,0.0
2025-01-01 23:26:01,user_28,sess_1170,add_to_cart,tablet,US,255.83
2025-01-01 12:49:42,user_32,sess_7755,search,desktop,APAC,0.0
2025-01-01 06:17:33,user_23,sess_9377,purchase,desktop,APAC,459.23
2025-01-01 09:00:25,user_35,sess_4283,page_view,desktop,US,0.0
2025-01-01 20:30:09,user_35,sess_6707,video_play,desktop,APAC,0.0
2025-01-01 21:10:36,user_37,sess_1707,video_play,mobile,LATAM,0.0
2025-01-01 13:22:25,user_32,sess_2304,add_to_cart,desktop,LATAM,444.77
2025-01-01 23:14:57,user_24,sess_1915,video_play,tablet,APAC,0.0
2025-01-01 12:06:23,user_21,sess_1014,search,mobile,US,0.0
2025-01-01 12:28:39,user_32,sess_4643,add_to_cart,mobile,APAC,48.18
2025-01-01 07:15:24,user_44,sess_9748,video_play,tablet,APAC,0.0
2025-01-01 11:23:18,user_4,sess_5437,click,tablet,US,0.0
2025-01-01 13:10:42,user_42,sess_4976,video_play,mobile,APAC,0.0
2025-01-01 13:30:01,user_14,sess_8433,search,tablet,EU,0.0
2025-01-01 12:08:33,user_24,sess_1515,video_play,mobile,LATAM,0.0
2025-01-01 18:41:42,user_26,sess_4235,search,mobile,APAC,0.0
2025-01-01 05:08:19,user_16,sess_4476,purchase,desktop,APAC,293.54
2025-01-01 20:56:49,user_34,sess_7195,click,desktop,EU,0.0
2025-01-01 22:30:12,user_13,sess_8447,purchase,tablet,US,22.06
2025-01-01 01:16:11,user_32,sess_6843,click,tablet,APAC,0.0
2025-01-01 11:34:51,user_17,sess_1188,click,tablet,APAC,0.0
2025-01-01 11:38:27,user_26,sess_9688,click,mobile,LATAM,0.0
2025-01-01 21:02:49,user_50,sess_9694,video_play,tablet,EU,0.0
2025-01-01 02:03:18,user_2,sess_9351,click,desktop,APAC,0.0
2025-01-01 08:05:37,user_41,sess_9928,click,desktop,US,0.0
2025-01-01 23:32:50,user_14,sess_3589,search,desktop,EU,0.0
2025-01-01 11:22:33,user_26,sess_9701,add_to_cart,desktop,LATAM,344.83
2025-01-01 08:08:06,user_2,sess_2059,add_to_cart,mobile,APAC,101.55
2025-01-01 01:10:05,user_27,sess_9484,video_play,desktop,US,0.0
