event_id,event_type,ts,user_id,session_id,product_id,category,region,geo_ip,amount,currency,device,is_gift,payment_method,success
ev_000000,checkout_start,2025-08-08 06:58:09,u_00365,s_573978,SKU_6699,Clothing,NA,52.211.151.103,0.0,GBP,android,False,mastercard,True
ev_000001,click,2025-08-08 08:12:53,u_00133,s_712079,SKU_3583,Toys,NA,52.72.89.110,0.0,JPY,ios,False,paypal,True
ev_000002,click,2025-08-08 07:07:26,u_00419,s_177033,SKU_4239,Home,EU,52.230.68.176,0.0,GBP,android,True,amex,True
ev_000003,page_view,2025-08-08 07:29:07,u_00057,s_351149,SKU_8680,Electronics,LATAM,52.75.55.250,0.0,GBP,android,False,amex,True
ev_000004,click,2025-08-08 07:18:52,u_00162,s_789949,SKU_4896,Clothing,APAC,52.152.183.181,0.0,USD,ios,True,mastercard,True
ev_000005,page_view,2025-08-08 07:24:21,u_00083,s_048318,SKU_9504,Electronics,LATAM,52.201.206.38,0.0,USD,android,False,amex,True
ev_000006,checkout_start,2025-08-08 07:44:31,u_00438,s_484490,SKU_8651,Books,APAC,52.195.72.83,0.0,GBP,ios,False,amex,True
ev_000007,page_view,2025-08-08 07:18:40,u_00221,s_960193,SKU_7047,Sports,EU,52.93.172.92,0.0,JPY,web,False,amex,True
ev_000008,page_view,2025-08-08 07:56:59,u_00244,s_530712,SKU_3851,Home,LATAM,52.192.61.135,0.0,GBP,web,False,mastercard,True
ev_000009,add_to_cart,2025-08-08 07:04:06,u_00420,s_496376,SKU_2248,Sports,EU,52.149.100.163,0.0,USD,web,False,visa,True
ev_000010,click,2025-08-08 07:12:24,u_00445,s_647036,SKU_6339,Toys,NA,52.225.19.155,0.0,GBP,android,False,mastercard,True
ev_000011,add_to_cart,2025-08-08 07:08:51,u_00066,s_368674,SKU_6406,Beauty,EU,52.185.229.73,0.0,GBP,android,False,mastercard,True
ev_000012,purchase,2025-08-08 07:00:32,u_00360,s_046211,SKU_5018,Home,EU,52.146.21.119,890.64,GBP,ios,False,mastercard,False
ev_000013,purchase,2025-08-08 07:11:22,u_00276,s_885521,SKU_7668,Home,NA,52.93.107.233,500.79,EUR,web,False,amex,True
ev_000014,page_view,2025-08-08 07:27:00,u_00467,s_251716,SKU_5718,Sports,LATAM,52.142.124.20,0.0,JPY,web,True,mastercard,True
ev_000015,page_view,2025-08-08 07:19:32,u_00286,s_645008,SKU_3308,Toys,NA,52.43.200.218,0.0,JPY,web,False,visa,True
ev_000016,add_to_cart,2025-08-08 08:03:35,u_00056,s_962092,SKU_8151,Toys,EU,52.215.205.178,0.0,EUR,web,False,visa,True
ev_000017,page_view,2025-08-08 07:18:14,u_00307,s_806302,SKU_9758,Home,APAC,52.166.117.198,0.0,USD,web,False,amex,True
ev_000018,page_view,2025-08-08 07:06:51,u_00181,s_338908,SKU_1647,Clothing,APAC,52.209.234.239,0.0,EUR,web,True,amex,True
ev_000019,purchase,2025-08-08 07:03:42,u_00139,s_458922,SKU_5125,Sports,LATAM,52.26.64.252,202.77,USD,android,False,visa,True
ev_000020,page_view,2025-08-08 07:37:04,u_00174,s_571107,SKU_8180,Toys,APAC,52.134.232.162,0.0,GBP,web,False,visa,True
ev_000021,page_view,2025-08-08 07:26:41,u_00105,s_351855,SKU_7004,Toys,EU,52.241.93.230,0.0,GBP,web,False,paypal,True
ev_000022,purchase,2025-08-08 07:02:48,u_00408,s_147506,SKU_2462,Electronics,NA,52.76.105.232,288.14,EUR,web,True,amex,True
ev_000023,page_view,2025-08-08 07:09:28,u_00037,s_558768,SKU_3647,Clothing,LATAM,52.149.4.219,0.0,GBP,ios,False,paypal,True
ev_000024,add_to_cart,2025-08-08 07:17:02,u_00232,s_719180,SKU_7369,Electronics,EU,52.213.85.158,0.0,JPY,ios,False,paypal,True
ev_000025,payment_attempt,2025-08-08 07:14:53,u_00187,s_784632,SKU_8801,Home,EU,52.140.76.109,875.15,USD,android,False,visa,True
ev_000026,page_view,2025-08-08 07:07:28,u_00139,s_006230,SKU_6350,Books,NA,52.143.43.59,0.0,GBP,web,False,paypal,True
ev_000027,page_view,2025-08-08 07:06:54,u_00044,s_219037,SKU_9069,Electronics,EU,52.35.77.32,0.0,EUR,web,True,visa,True
ev_000028,click,2025-08-08 07:13:57,u_00347,s_666592,SKU_5257,Clothing,EU,52.45.168.116,0.0,GBP,ios,False,amex,True
ev_000029,click,2025-08-08 07:13:40,u_00142,s_387118,SKU_3912,Books,LATAM,52.34.95.112,0.0,JPY,web,False,paypal,True
ev_000030,click,2025-08-08 07:01:33,u_00237,s_025491,SKU_1265,Beauty,NA,52.201.13.85,0.0,USD,android,False,visa,True
ev_000031,click,2025-08-08 07:02:58,u_00335,s_668960,SKU_2006,Books,NA,52.161.213.211,0.0,JPY,web,False,mastercard,True
ev_000032,page_view,2025-08-08 07:21:58,u_00241,s_559681,SKU_7605,Books,LATAM,52.58.10.254,0.0,EUR,ios,False,visa,True
ev_000033,add_to_cart,2025-08-08 07:06:30,u_00027,s_940572,SKU_5252,Clothing,NA,52.8.247.225,0.0,JPY,ios,False,visa,True
ev_000034,payment_attempt,2025-08-08 06:57:17,u_00449,s_040884,SKU_7966,Books,EU,52.42.92.7,341.43,JPY,web,False,amex,True
ev_000035,click,2025-08-08 07:16:54,u_00430,s_411265,SKU_4282,Toys,APAC,52.231.236.176,0.0,EUR,android,False,paypal,True
ev_000036,page_view,2025-08-08 06:57:02,u_00017,s_264714,SKU_9368,Clothing,NA,52.127.171.5,0.0,EUR,ios,False,visa,True
ev_000037,click,2025-08-08 07:04:37,u_00135,s_059370,SKU_9203,Toys,LATAM,52.106.160.40,0.0,EUR,web,False,mastercard,True
ev_000038,page_view,2025-08-08 08:11:20,u_00203,s_788381,SKU_8531,Electronics,EU,52.93.49.61,0.0,GBP,android,True,amex,True
ev_000039,click,2025-08-08 07:48:48,u_00030,s_461237,SKU_7128,Home,NA,52.223.135.92,0.0,USD,android,False,visa,True
ev_000040,click,2025-08-08 07:05:12,u_00347,s_613043,SKU_7990,Sports,EU,52.47.126.190,0.0,USD,ios,True,paypal,True
ev_000041,click,2025-08-08 07:06:44,u_00215,s_832618,SKU_2101,Beauty,APAC,52.24.67.135,0.0,JPY,ios,False,paypal,True
ev_000042,click,2025-08-08 06:57:11,u_00213,s_849313,SKU_5427,Electronics,EU,52.91.68.230,0.0,JPY,ios,False,visa,True
ev_000043,page_view,2025-08-08 07:07:23,u_00318,s_033532,SKU_8153,Beauty,NA,52.61.94.78,0.0,EUR,web,True,amex,True
ev_000044,page_view,2025-08-08 07:17:35,u_00346,s_046669,SKU_4472,Sports,APAC,52.113.122.154,0.0,JPY,android,False,amex,True
ev_000045,page_view,2025-08-08 07:00:50,u_00131,s_080876,SKU_4937,Clothing,LATAM,52.8.180.94,0.0,JPY,android,False,visa,True
ev_000046,click,2025-08-08 08:12:56,u_00324,s_403863,SKU_2570,Beauty,APAC,52.12.4.44,0.0,EUR,ios,False,paypal,True
ev_000047,click,2025-08-08 07:01:51,u_00430,s_647980,SKU_7577,Home,LATAM,52.18.184.149,0.0,JPY,web,True,mastercard,True
ev_000048,add_to_cart,2025-08-08 07:30:56,u_00367,s_007575,SKU_1018,Toys,APAC,52.197.103.247,0.0,GBP,web,False,visa,True
ev_000049,refund_request,2025-08-08 07:14:40,u_00212,s_001863,SKU_4229,Toys,LATAM,52.144.170.246,0.0,JPY,ios,False,amex,True
ev_000050,purchase,2025-08-08 07:55:02,u_00213,s_972494,SKU_6570,Sports,LATAM,52.140.54.88,726.25,EUR,ios,False,visa,True
ev_000051,click,2025-08-08 07:06:21,u_00351,s_041980,SKU_4088,Clothing,NA,52.238.124.133,0.0,GBP,web,False,visa,True
ev_000052,page_view,2025-08-08 07:02:55,u_00204,s_727114,SKU_8596,Toys,LATAM,52.183.39.206,0.0,JPY,android,True,paypal,True
ev_000053,add_to_cart,2025-08-08 08:26:06,u_00142,s_607619,SKU_3597,Home,EU,52.86.241.46,0.0,USD,web,True,paypal,True
ev_000054,click,2025-08-08 07:00:39,u_00154,s_232976,SKU_2941,Beauty,APAC,52.198.212.128,0.0,JPY,android,True,amex,True
ev_000055,page_view,2025-08-08 07:08:30,u_00065,s_062998,SKU_4211,Clothing,LATAM,52.36.200.237,0.0,JPY,web,False,mastercard,True
ev_000056,add_to_cart,2025-08-08 07:24:28,u_00343,s_998088,SKU_7270,Clothing,APAC,52.19.231.86,0.0,USD,ios,False,paypal,True
ev_000057,page_view,2025-08-08 07:13:13,u_00107,s_477412,SKU_8038,Electronics,APAC,52.81.33.8,0.0,EUR,ios,False,mastercard,True
ev_000058,click,2025-08-08 07:10:57,u_00423,s_813003,SKU_3491,Sports,NA,52.81.218.103,0.0,JPY,web,True,paypal,True
ev_000059,refund_request,2025-08-08 07:19:20,u_00108,s_103310,SKU_2176,Home,NA,52.12.177.226,0.0,JPY,web,False,paypal,True
ev_000060,checkout_start,2025-08-08 07:17:21,u_00114,s_823905,SKU_9529,Sports,APAC,52.203.129.37,0.0,USD,android,True,visa,True
ev_000061,page_view,2025-08-08 07:08:48,u_00437,s_442865,SKU_1969,Electronics,EU,52.91.211.43,0.0,USD,web,True,mastercard,True
ev_000062,payment_attempt,2025-08-08 07:11:10,u_00209,s_579721,SKU_6882,Electronics,NA,52.62.84.57,881.63,USD,android,True,visa,True
ev_000063,click,2025-08-08 07:41:28,u_00296,s_501195,SKU_9446,Books,LATAM,52.122.237.66,0.0,USD,android,False,paypal,True
ev_000064,purchase,2025-08-08 06:59:01,u_00468,s_859165,SKU_6108,Electronics,APAC,52.173.102.73,67.86,GBP,android,False,visa,True
ev_000065,page_view,2025-08-08 07:13:07,u_00125,s_459045,SKU_1424,Clothing,EU,52.12.98.164,0.0,JPY,android,False,paypal,True
ev_000066,add_to_cart,2025-08-08 07:04:32,u_00290,s_886844,SKU_2359,Clothing,NA,52.131.165.114,0.0,GBP,android,False,visa,True
ev_000067,click,2025-08-08 07:16:35,u_00053,s_301071,SKU_3707,Books,EU,52.178.108.37,0.0,GBP,web,False,visa,True
ev_000068,add_to_cart,2025-08-08 07:01:05,u_00423,s_991576,SKU_6701,Clothing,NA,52.216.11.26,0.0,EUR,web,False,paypal,True
ev_000069,click,2025-08-08 08:01:39,u_00343,s_756305,SKU_6929,Books,EU,52.83.34.191,0.0,USD,web,False,amex,True
ev_000070,checkout_start,2025-08-08 07:21:49,u_00035,s_625477,SKU_3874,Home,EU,52.112.2.39,0.0,USD,ios,False,visa,True
ev_000071,page_view,2025-08-08 07:33:33,u_00306,s_797769,SKU_4584,Sports,APAC,52.180.113.215,0.0,JPY,ios,False,paypal,True
ev_000072,payment_attempt,2025-08-08 06:58:28,u_00404,s_951840,SKU_4440,Books,NA,52.49.112.234,612.48,JPY,ios,False,visa,False
ev_000073,page_view,2025-08-08 07:44:29,u_00269,s_118899,SKU_6952,Clothing,LATAM,52.162.84.79,0.0,JPY,android,False,mastercard,True
ev_000074,refund_request,2025-08-08 09:19:23,u_00107,s_712075,SKU_8040,Toys,NA,52.226.163.119,0.0,EUR,web,False,paypal,True
ev_000075,add_to_cart,2025-08-08 07:41:01,u_00133,s_489898,SKU_1853,Toys,EU,52.230.173.88,0.0,GBP,android,False,mastercard,True
ev_000076,page_view,2025-08-08 07:32:32,u_00467,s_695384,SKU_2400,Electronics,APAC,52.11.117.150,0.0,GBP,android,False,amex,True
ev_000077,page_view,2025-08-08 07:03:39,u_00337,s_353091,SKU_9285,Clothing,NA,52.103.105.54,0.0,GBP,ios,True,visa,True
ev_000078,click,2025-08-08 07:00:16,u_00132,s_572809,SKU_8846,Sports,APAC,52.90.145.144,0.0,GBP,web,False,visa,True
ev_000079,page_view,2025-08-08 07:26:26,u_00368,s_934969,SKU_3814,Electronics,LATAM,52.174.67.240,0.0,GBP,android,False,mastercard,True
ev_000080,purchase,2025-08-08 07:11:41,u_00024,s_190757,SKU_9826,Home,EU,52.149.187.255,822.67,GBP,ios,True,mastercard,True
ev_000081,page_view,2025-08-08 07:24:10,u_00450,s_687112,SKU_5651,Clothing,APAC,52.90.133.76,0.0,GBP,android,True,amex,True
ev_000082,purchase,2025-08-08 07:18:59,u_00311,s_437234,SKU_2014,Clothing,LATAM,52.122.21.102,203.03,USD,android,False,amex,False
ev_000083,checkout_start,2025-08-08 07:17:59,u_00465,s_053414,SKU_5509,Toys,EU,52.150.32.63,0.0,EUR,ios,False,visa,True
ev_000084,click,2025-08-08 06:59:56,u_00450,s_411659,SKU_3723,Electronics,NA,52.161.38.103,0.0,EUR,web,False,visa,True
ev_000085,checkout_start,2025-08-08 06:57:08,u_00058,s_411589,SKU_9274,Clothing,EU,52.201.6.145,0.0,EUR,ios,False,mastercard,True
ev_000086,click,2025-08-08 06:57:49,u_00195,s_939695,SKU_9514,Electronics,NA,52.31.136.77,0.0,EUR,ios,False,paypal,True
ev_000087,click,2025-08-08 07:10:18,u_00418,s_778395,SKU_6906,Toys,EU,52.84.23.183,0.0,USD,android,False,mastercard,True
ev_000088,page_view,2025-08-08 07:20:34,u_00448,s_011132,SKU_8937,Clothing,NA,52.24.103.58,0.0,JPY,android,False,amex,True
ev_000089,purchase,2025-08-08 07:06:45,u_00276,s_427436,SKU_8368,Toys,LATAM,52.87.174.51,431.21,JPY,ios,False,amex,True
ev_000090,add_to_cart,2025-08-08 07:17:00,u_00437,s_035108,SKU_2230,Clothing,APAC,52.150.116.89,0.0,JPY,android,False,amex,True
ev_000091,click,2025-08-08 07:00:30,u_00030,s_139192,SKU_9985,Home,EU,52.238.30.106,0.0,JPY,android,False,mastercard,True
ev_000092,page_view,2025-08-08 09:12:04,u_00148,s_921519,SKU_1248,Beauty,NA,52.187.88.86,0.0,EUR,web,False,visa,True
ev_000093,page_view,2025-08-08 07:05:30,u_00031,s_721715,SKU_5625,Sports,NA,52.52.209.4,0.0,GBP,ios,True,visa,True
ev_000094,page_view,2025-08-08 07:07:35,u_00036,s_723788,SKU_5709,Books,NA,52.254.223.58,0.0,EUR,ios,True,mastercard,True
ev_000095,add_to_cart,2025-08-08 07:04:42,u_00290,s_339918,SKU_8911,Sports,NA,52.62.0.234,0.0,JPY,web,False,mastercard,True
ev_000096,page_view,2025-08-08 07:29:28,u_00037,s_403536,SKU_8925,Sports,EU,52.100.44.141,0.0,GBP,ios,False,paypal,True
ev_000097,checkout_start,2025-08-08 08:16:02,u_00210,s_653880,SKU_5576,Books,LATAM,52.182.75.235,0.0,JPY,android,False,paypal,True
ev_000098,click,2025-08-08 07:01:38,u_00217,s_418183,SKU_8078,Electronics,LATAM,52.55.222.132,0.0,USD,web,False,amex,True
ev_000099,checkout_start,2025-08-08 08:32:39,u_00020,s_970015,SKU_9986,Home,LATAM,52.46.55.41,0.0,GBP,android,True,mastercard,True
ev_000100,page_view,2025-08-08 07:38:53,u_00157,s_604955,SKU_4163,Toys,LATAM,52.217.191.194,0.0,JPY,web,False,paypal,True
ev_000101,click,2025-08-08 07:17:21,u_00219,s_730827,SKU_8665,Home,APAC,52.97.37.44,0.0,USD,android,False,visa,True
ev_000102,checkout_start,2025-08-08 07:47:40,u_00229,s_362798,SKU_8479,Beauty,APAC,52.238.17.226,0.0,GBP,web,False,paypal,True
ev_000103,click,2025-08-08 07:02:53,u_00078,s_468558,SKU_4134,Beauty,NA,52.47.69.150,0.0,GBP,web,False,visa,True
ev_000104,page_view,2025-08-08 07:01:33,u_00284,s_102355,SKU_7721,Home,APAC,52.173.181.32,0.0,GBP,web,False,mastercard,True
ev_000105,page_view,2025-08-08 07:43:37,u_00408,s_351944,SKU_5172,Clothing,NA,52.100.0.229,0.0,GBP,web,False,mastercard,True
ev_000106,click,2025-08-08 07:31:46,u_00185,s_712022,SKU_6910,Toys,APAC,52.73.222.86,0.0,JPY,ios,False,amex,True
ev_000107,page_view,2025-08-08 07:13:40,u_00346,s_383916,SKU_6172,Home,NA,52.10.136.75,0.0,USD,ios,False,visa,True
ev_000108,click,2025-08-08 07:01:12,u_00049,s_651065,SKU_1323,Clothing,LATAM,52.239.115.71,0.0,GBP,web,False,visa,True
ev_000109,click,2025-08-08 07:53:08,u_00419,s_166471,SKU_5871,Books,EU,52.77.16.252,0.0,USD,ios,False,amex,True
ev_000110,page_view,2025-08-08 07:36:09,u_00475,s_988805,SKU_6349,Toys,APAC,52.77.191.24,0.0,EUR,web,True,mastercard,True
ev_000111,click,2025-08-08 07:00:13,u_00112,s_722028,SKU_1239,Beauty,APAC,52.218.221.207,0.0,GBP,web,False,amex,True
ev_000112,add_to_cart,2025-08-08 07:36:58,u_00417,s_064751,SKU_2452,Sports,EU,52.120.202.155,0.0,EUR,android,False,mastercard,True
ev_000113,page_view,2025-08-08 07:03:40,u_00345,s_008986,SKU_8021,Clothing,LATAM,52.195.5.128,0.0,GBP,ios,False,mastercard,True
ev_000114,click,2025-08-08 06:58:06,u_00161,s_571211,SKU_8975,Sports,NA,52.151.231.194,0.0,EUR,android,True,paypal,True
ev_000115,page_view,2025-08-08 07:13:41,u_00306,s_052277,SKU_8960,Clothing,NA,52.2.199.220,0.0,USD,ios,False,paypal,True
ev_000116,purchase,2025-08-08 07:26:40,u_00406,s_668861,SKU_3793,Clothing,APAC,52.35.96.114,302.39,EUR,web,False,amex,True
ev_000117,page_view,2025-08-08 07:01:08,u_00125,s_647893,SKU_6939,Home,EU,52.5.182.124,0.0,EUR,ios,False,mastercard,True
ev_000118,payment_attempt,2025-08-08 07:05:45,u_00332,s_847260,SKU_5616,Sports,NA,52.65.20.2,562.52,GBP,ios,False,mastercard,False
ev_000119,click,2025-08-08 07:11:03,u_00144,s_471118,SKU_9968,Electronics,LATAM,52.149.139.64,0.0,JPY,android,True,amex,True
ev_000120,purchase,2025-08-08 07:17:39,u_00082,s_616866,SKU_4103,Books,APAC,52.228.33.9,1161.66,GBP,android,False,amex,False
ev_000121,payment_attempt,2025-08-08 08:14:19,u_00343,s_755916,SKU_1482,Clothing,APAC,52.191.81.133,86.25,JPY,web,True,visa,True
ev_000122,add_to_cart,2025-08-08 07:06:06,u_00315,s_751271,SKU_1050,Books,EU,52.142.246.120,0.0,USD,ios,False,mastercard,True
ev_000123,page_view,2025-08-08 07:04:11,u_00384,s_451985,SKU_5976,Books,LATAM,52.5.113.167,0.0,GBP,android,False,mastercard,True
ev_000124,payment_attempt,2025-08-08 07:16:56,u_00035,s_616471,SKU_1388,Beauty,LATAM,52.238.225.103,54.92,JPY,android,False,paypal,False
ev_000125,page_view,2025-08-08 06:59:03,u_00469,s_875993,SKU_2713,Books,NA,52.54.138.16,0.0,EUR,ios,True,paypal,True
ev_000126,page_view,2025-08-08 07:15:11,u_00015,s_341368,SKU_7803,Home,APAC,52.18.172.210,0.0,EUR,web,False,paypal,True
ev_000127,checkout_start,2025-08-08 07:09:09,u_00330,s_261114,SKU_2069,Toys,NA,52.21.16.174,0.0,USD,android,False,visa,True
ev_000128,click,2025-08-08 08:59:17,u_00376,s_393683,SKU_6482,Electronics,LATAM,52.250.220.147,0.0,GBP,ios,False,mastercard,True
ev_000129,page_view,2025-08-08 06:59:15,u_00350,s_508918,SKU_4563,Clothing,APAC,52.89.64.88,0.0,JPY,ios,False,amex,True
ev_000130,page_view,2025-08-08 07:13:00,u_00327,s_276145,SKU_4493,Home,APAC,52.122.39.142,0.0,GBP,android,False,paypal,True
ev_000131,click,2025-08-08 07:34:19,u_00015,s_918258,SKU_3818,Sports,APAC,52.246.209.184,0.0,JPY,ios,False,amex,True
ev_000132,page_view,2025-08-08 07:02:40,u_00125,s_802627,SKU_9434,Books,APAC,52.239.30.73,0.0,USD,ios,False,mastercard,True
ev_000133,add_to_cart,2025-08-08 06:58:53,u_00365,s_215877,SKU_3349,Beauty,NA,52.44.100.158,0.0,USD,web,False,amex,True
ev_000134,page_view,2025-08-08 07:12:51,u_00406,s_984757,SKU_5775,Toys,LATAM,52.237.193.218,0.0,JPY,android,False,amex,True
ev_000135,page_view,2025-08-08 06:56:41,u_00371,s_933627,SKU_2663,Books,APAC,52.77.203.39,0.0,GBP,web,False,mastercard,True
ev_000136,click,2025-08-08 07:18:26,u_00035,s_351014,SKU_9502,Books,APAC,52.88.154.212,0.0,GBP,android,True,mastercard,True
ev_000137,page_view,2025-08-08 07:18:04,u_00145,s_117882,SKU_4379,Books,NA,52.220.82.112,0.0,USD,ios,True,visa,True
ev_000138,add_to_cart,2025-08-08 06:58:57,u_00317,s_166731,SKU_9752,Toys,NA,52.104.2.31,0.0,GBP,web,False,amex,True
ev_000139,page_view,2025-08-08 07:03:07,u_00042,s_473522,SKU_9877,Books,LATAM,52.249.134.249,0.0,USD,android,False,amex,True
ev_000140,page_view,2025-08-08 07:20:59,u_00091,s_685961,SKU_8057,Sports,LATAM,52.31.199.42,0.0,GBP,ios,False,mastercard,True
ev_000141,page_view,2025-08-08 07:22:14,u_00115,s_462182,SKU_7047,Toys,LATAM,52.58.72.166,0.0,USD,web,False,amex,True
ev_000142,page_view,2025-08-08 07:32:16,u_00256,s_252289,SKU_9983,Sports,EU,52.96.7.0,0.0,GBP,ios,False,amex,True
ev_000143,add_to_cart,2025-08-08 07:04:25,u_00003,s_991196,SKU_9675,Electronics,APAC,52.250.176.148,0.0,USD,android,False,visa,True
ev_000144,add_to_cart,2025-08-08 07:00:53,u_00396,s_255721,SKU_4574,Toys,NA,52.2.198.162,0.0,JPY,ios,False,visa,True
ev_000145,page_view,2025-08-08 06:59:07,u_00186,s_469582,SKU_2270,Home,LATAM,52.28.132.249,0.0,USD,web,False,mastercard,True
ev_000146,checkout_start,2025-08-08 07:07:26,u_00462,s_000149,SKU_4729,Sports,APAC,52.39.214.82,0.0,USD,android,False,visa,True
ev_000147,click,2025-08-08 07:11:03,u_00345,s_240143,SKU_6265,Sports,EU,52.135.61.71,0.0,JPY,android,False,paypal,True
ev_000148,page_view,2025-08-08 07:10:41,u_00053,s_091505,SKU_7549,Toys,APAC,52.93.158.73,0.0,GBP,ios,True,mastercard,True
ev_000149,page_view,2025-08-08 07:19:34,u_00300,s_845753,SKU_1137,Home,LATAM,52.129.148.16,0.0,USD,android,True,amex,True
ev_000150,click,2025-08-08 07:44:39,u_00116,s_794219,SKU_7777,Beauty,EU,52.35.194.19,0.0,USD,web,False,mastercard,True
ev_000151,page_view,2025-08-08 07:19:29,u_00229,s_458307,SKU_6600,Home,LATAM,52.232.38.31,0.0,USD,web,True,visa,True
ev_000152,add_to_cart,2025-08-08 06:59:22,u_00445,s_113472,SKU_3049,Home,LATAM,52.142.82.183,0.0,JPY,android,False,paypal,True
ev_000153,click,2025-08-08 07:04:24,u_00123,s_714467,SKU_5730,Beauty,EU,52.177.6.10,0.0,JPY,ios,False,paypal,True
ev_000154,page_view,2025-08-08 07:24:28,u_00274,s_642971,SKU_7773,Clothing,LATAM,52.110.142.7,0.0,GBP,web,False,paypal,True
ev_000155,click,2025-08-08 07:07:13,u_00305,s_639903,SKU_1106,Sports,LATAM,52.173.88.44,0.0,EUR,web,False,mastercard,True
ev_000156,add_to_cart,2025-08-08 07:01:26,u_00303,s_507769,SKU_9735,Clothing,EU,52.41.106.88,0.0,EUR,ios,True,paypal,True
ev_000157,purchase,2025-08-08 07:03:09,u_00064,s_120331,SKU_4146,Home,APAC,52.127.234.48,300.12,JPY,web,False,visa,True
ev_000158,page_view,2025-08-08 07:15:48,u_00293,s_593970,SKU_2278,Electronics,APAC,52.235.112.249,0.0,USD,android,False,paypal,True
ev_000159,click,2025-08-08 07:26:48,u_00269,s_150784,SKU_2316,Clothing,APAC,52.180.62.144,0.0,GBP,ios,False,amex,True
ev_000160,refund_request,2025-08-08 07:28:46,u_00166,s_100139,SKU_2004,Beauty,NA,52.83.195.76,0.0,JPY,android,False,paypal,True
ev_000161,purchase,2025-08-08 07:02:14,u_00364,s_501197,SKU_2461,Home,NA,52.162.112.197,1062.85,JPY,android,False,paypal,True
ev_000162,click,2025-08-08 07:07:19,u_00160,s_763717,SKU_7573,Electronics,APAC,52.17.51.168,0.0,GBP,android,False,paypal,True
ev_000163,page_view,2025-08-08 06:59:19,u_00091,s_466643,SKU_2249,Sports,LATAM,52.3.191.78,0.0,USD,ios,False,amex,True
ev_000164,add_to_cart,2025-08-08 07:04:38,u_00178,s_598663,SKU_8607,Books,APAC,52.246.199.65,0.0,USD,web,False,paypal,True
ev_000165,add_to_cart,2025-08-08 07:17:53,u_00468,s_924500,SKU_3150,Electronics,APAC,52.196.57.208,0.0,USD,web,False,amex,True
ev_000166,checkout_start,2025-08-08 07:06:27,u_00295,s_409812,SKU_5962,Clothing,APAC,52.252.79.188,0.0,GBP,android,False,mastercard,True
ev_000167,add_to_cart,2025-08-08 07:01:21,u_00440,s_915588,SKU_5605,Books,APAC,52.153.220.130,0.0,USD,ios,False,amex,True
ev_000168,click,2025-08-08 07:27:03,u_00086,s_311404,SKU_8390,Toys,APAC,52.63.86.25,0.0,USD,web,False,visa,True
ev_000169,purchase,2025-08-08 07:01:52,u_00111,s_089625,SKU_5694,Beauty,NA,52.36.86.95,1024.65,EUR,ios,True,visa,True
ev_000170,add_to_cart,2025-08-08 07:36:54,u_00495,s_708038,SKU_2692,Electronics,APAC,52.36.15.208,0.0,USD,ios,False,paypal,True
ev_000171,click,2025-08-08 07:30:11,u_00251,s_214787,SKU_3564,Home,NA,52.110.149.60,0.0,JPY,ios,False,visa,True
ev_000172,page_view,2025-08-08 06:58:50,u_00458,s_777544,SKU_8060,Beauty,NA,52.20.212.238,0.0,JPY,android,False,paypal,True
ev_000173,add_to_cart,2025-08-08 08:28:04,u_00043,s_241712,SKU_1583,Books,EU,52.22.166.13,0.0,JPY,ios,True,paypal,True
ev_000174,purchase,2025-08-08 06:59:31,u_00393,s_593927,SKU_1306,Home,LATAM,52.38.62.120,389.75,JPY,android,False,visa,True
ev_000175,page_view,2025-08-08 06:58:15,u_00092,s_016879,SKU_5427,Books,LATAM,52.94.164.191,0.0,GBP,web,False,paypal,True
ev_000176,checkout_start,2025-08-08 07:14:23,u_00063,s_707907,SKU_2800,Electronics,LATAM,52.237.168.130,0.0,GBP,android,False,visa,True
ev_000177,add_to_cart,2025-08-08 07:04:21,u_00271,s_858182,SKU_4751,Books,APAC,52.126.147.231,0.0,GBP,android,True,mastercard,True
ev_000178,page_view,2025-08-08 07:14:41,u_00452,s_531174,SKU_6052,Electronics,LATAM,52.85.176.118,0.0,JPY,android,False,visa,True
ev_000179,purchase,2025-08-08 07:11:54,u_00439,s_307851,SKU_4518,Home,EU,52.186.248.147,1084.39,GBP,web,False,visa,True
ev_000180,page_view,2025-08-08 07:11:14,u_00369,s_646492,SKU_4822,Beauty,NA,52.23.3.26,0.0,USD,web,False,paypal,True
ev_000181,page_view,2025-08-08 07:16:48,u_00096,s_750439,SKU_8706,Beauty,NA,52.222.85.201,0.0,EUR,web,False,amex,True
ev_000182,page_view,2025-08-08 07:06:29,u_00419,s_499560,SKU_5695,Books,EU,52.62.118.203,0.0,GBP,android,True,amex,True
ev_000183,page_view,2025-08-08 07:02:08,u_00029,s_440595,SKU_3847,Books,LATAM,52.224.79.252,0.0,EUR,ios,False,amex,True
ev_000184,add_to_cart,2025-08-08 07:28:25,u_00437,s_175013,SKU_5495,Sports,EU,52.15.139.201,0.0,GBP,android,False,visa,True
ev_000185,page_view,2025-08-08 07:37:52,u_00046,s_739634,SKU_2676,Books,EU,52.206.11.191,0.0,EUR,ios,True,visa,True
ev_000186,page_view,2025-08-08 07:01:31,u_00171,s_764371,SKU_9208,Home,APAC,52.173.149.248,0.0,GBP,ios,False,mastercard,True
ev_000187,payment_attempt,2025-08-08 07:01:56,u_00099,s_513739,SKU_4163,Sports,LATAM,52.121.181.17,1059.11,USD,android,False,amex,True
ev_000188,click,2025-08-08 07:07:58,u_00317,s_892391,SKU_8471,Toys,APAC,52.252.91.3,0.0,GBP,ios,False,mastercard,True
ev_000189,page_view,2025-08-08 07:30:45,u_00129,s_174042,SKU_8694,Sports,EU,52.77.41.200,0.0,USD,ios,False,visa,True
ev_000190,checkout_start,2025-08-08 07:08:49,u_00278,s_259541,SKU_3324,Electronics,LATAM,52.232.80.224,0.0,USD,android,False,mastercard,True
ev_000191,click,2025-08-08 06:58:42,u_00268,s_780758,SKU_5229,Home,EU,52.183.225.136,0.0,JPY,android,False,mastercard,True
ev_000192,page_view,2025-08-08 07:50:11,u_00236,s_997616,SKU_7448,Books,LATAM,52.39.235.48,0.0,GBP,web,False,visa,True
ev_000193,page_view,2025-08-08 07:03:40,u_00423,s_801293,SKU_3617,Clothing,NA,52.168.120.139,0.0,JPY,android,True,amex,True
ev_000194,click,2025-08-08 07:13:46,u_00025,s_441564,SKU_3433,Sports,LATAM,52.12.217.134,0.0,EUR,android,False,mastercard,True
ev_000195,click,2025-08-08 07:01:41,u_00481,s_148604,SKU_1153,Sports,EU,52.125.211.214,0.0,EUR,android,False,paypal,True
ev_000196,payment_attempt,2025-08-08 07:04:02,u_00260,s_880862,SKU_9800,Beauty,EU,52.252.70.121,1159.27,EUR,web,True,amex,False
ev_000197,checkout_start,2025-08-08 07:22:30,u_00385,s_080057,SKU_5305,Beauty,NA,52.226.97.59,0.0,EUR,android,False,amex,True
ev_000198,add_to_cart,2025-08-08 07:08:50,u_00451,s_833620,SKU_7762,Electronics,APAC,52.156.5.148,0.0,GBP,web,False,visa,True
ev_000199,add_to_cart,2025-08-08 07:25:18,u_00466,s_980930,SKU_1557,Home,NA,52.79.15.53,0.0,JPY,android,False,amex,True
ev_000200,add_to_cart,2025-08-08 07:13:48,u_00031,s_833826,SKU_1256,Clothing,NA,52.220.64.136,0.0,JPY,android,False,paypal,True
ev_000201,page_view,2025-08-08 07:13:32,u_00370,s_818909,SKU_6488,Sports,APAC,52.92.224.209,0.0,GBP,ios,True,visa,True
ev_000202,payment_attempt,2025-08-08 07:35:26,u_00418,s_013894,SKU_4388,Sports,LATAM,52.47.229.62,362.77,EUR,ios,False,mastercard,False
ev_000203,add_to_cart,2025-08-08 07:10:12,u_00108,s_473566,SKU_3932,Electronics,APAC,52.255.97.126,0.0,EUR,web,False,mastercard,True
ev_000204,click,2025-08-08 06:57:30,u_00062,s_417854,SKU_4584,Electronics,EU,52.39.144.80,0.0,GBP,ios,False,visa,True
ev_000205,page_view,2025-08-08 06:57:09,u_00058,s_685015,SKU_4156,Electronics,NA,52.132.6.165,0.0,JPY,android,False,visa,True
ev_000206,click,2025-08-08 07:08:51,u_00099,s_678535,SKU_1869,Home,NA,52.52.161.174,0.0,USD,android,False,mastercard,True
ev_000207,page_view,2025-08-08 07:23:57,u_00392,s_112127,SKU_8216,Clothing,EU,52.186.122.253,0.0,USD,ios,False,visa,True
ev_000208,page_view,2025-08-08 07:05:50,u_00314,s_107756,SKU_3951,Sports,EU,52.225.249.157,0.0,GBP,ios,False,amex,True
ev_000209,page_view,2025-08-08 07:15:28,u_00457,s_395184,SKU_4374,Toys,NA,52.180.206.131,0.0,EUR,ios,True,visa,True
ev_000210,add_to_cart,2025-08-08 07:45:45,u_00458,s_733431,SKU_7331,Electronics,APAC,52.104.204.80,0.0,JPY,android,False,amex,True
ev_000211,add_to_cart,2025-08-08 07:12:12,u_00217,s_526321,SKU_5069,Toys,EU,52.71.240.240,0.0,EUR,web,False,visa,True
ev_000212,checkout_start,2025-08-08 07:05:13,u_00063,s_659707,SKU_8433,Beauty,APAC,52.44.126.9,0.0,GBP,web,True,amex,True
ev_000213,page_view,2025-08-08 07:02:22,u_00174,s_529989,SKU_6378,Beauty,EU,52.222.216.197,0.0,EUR,android,True,paypal,True
ev_000214,purchase,2025-08-08 07:04:37,u_00265,s_536729,SKU_8934,Clothing,NA,52.216.49.174,935.36,JPY,ios,False,amex,True
ev_000215,page_view,2025-08-08 07:18:53,u_00499,s_352379,SKU_7343,Clothing,EU,52.151.19.126,0.0,USD,ios,False,mastercard,True
ev_000216,page_view,2025-08-08 07:16:22,u_00398,s_033062,SKU_8893,Beauty,NA,52.181.175.136,0.0,GBP,web,False,mastercard,True
ev_000217,click,2025-08-08 07:16:01,u_00385,s_066844,SKU_8490,Beauty,LATAM,52.85.216.67,0.0,GBP,android,False,paypal,True
ev_000218,page_view,2025-08-08 06:57:46,u_00344,s_934814,SKU_1297,Beauty,APAC,52.163.153.158,0.0,EUR,web,True,paypal,True
ev_000219,add_to_cart,2025-08-08 06:58:15,u_00293,s_773624,SKU_6446,Home,EU,52.69.189.87,0.0,USD,android,True,paypal,True
ev_000220,click,2025-08-08 07:00:42,u_00147,s_396462,SKU_8135,Home,LATAM,52.60.170.4,0.0,EUR,web,False,mastercard,True
ev_000221,click,2025-08-08 07:41:33,u_00206,s_010883,SKU_1581,Beauty,LATAM,52.175.55.150,0.0,USD,web,False,mastercard,True
ev_000222,purchase,2025-08-08 07:06:41,u_00012,s_473813,SKU_6458,Beauty,NA,52.65.78.250,934.8,JPY,web,True,paypal,True
ev_000223,page_view,2025-08-08 07:08:29,u_00202,s_571993,SKU_5713,Books,NA,52.32.68.148,0.0,EUR,web,False,paypal,True
ev_000224,page_view,2025-08-08 07:02:52,u_00049,s_665009,SKU_6152,Beauty,APAC,52.93.202.251,0.0,JPY,web,True,visa,True
ev_000225,click,2025-08-08 07:06:30,u_00322,s_788405,SKU_4703,Electronics,NA,52.27.151.138,0.0,JPY,android,False,mastercard,True
ev_000226,page_view,2025-08-08 07:02:03,u_00256,s_283986,SKU_3214,Beauty,NA,52.8.10.131,0.0,JPY,web,True,amex,True
ev_000227,page_view,2025-08-08 07:49:33,u_00025,s_819191,SKU_6248,Toys,LATAM,52.49.165.102,0.0,EUR,android,False,paypal,True
ev_000228,click,2025-08-08 07:46:59,u_00378,s_330914,SKU_5695,Clothing,APAC,52.5.19.104,0.0,EUR,web,False,paypal,True
ev_000229,page_view,2025-08-08 08:29:33,u_00114,s_681982,SKU_9453,Toys,LATAM,52.182.139.61,0.0,USD,web,False,visa,True
ev_000230,purchase,2025-08-08 07:17:55,u_00324,s_951829,SKU_6507,Electronics,NA,52.184.68.61,640.05,USD,android,False,mastercard,False
ev_000231,page_view,2025-08-08 07:09:37,u_00361,s_514768,SKU_4248,Clothing,NA,52.93.164.135,0.0,USD,android,False,visa,True
ev_000232,purchase,2025-08-08 06:59:38,u_00429,s_176007,SKU_3812,Books,LATAM,52.139.126.69,498.77,USD,ios,False,amex,True
ev_000233,add_to_cart,2025-08-08 07:14:27,u_00449,s_703390,SKU_6962,Books,LATAM,52.61.29.51,0.0,GBP,web,False,paypal,True
ev_000234,click,2025-08-08 06:58:29,u_00405,s_026085,SKU_2393,Sports,EU,52.254.180.182,0.0,USD,ios,False,mastercard,True
ev_000235,add_to_cart,2025-08-08 07:16:52,u_00438,s_946199,SKU_5880,Books,EU,52.208.226.208,0.0,GBP,ios,False,mastercard,True
ev_000236,page_view,2025-08-08 07:12:12,u_00239,s_100608,SKU_2330,Toys,NA,52.26.220.189,0.0,JPY,ios,False,visa,True
ev_000237,checkout_start,2025-08-08 06:57:53,u_00395,s_136666,SKU_7024,Sports,LATAM,52.193.159.41,0.0,EUR,ios,False,amex,True
ev_000238,page_view,2025-08-08 07:14:54,u_00108,s_476893,SKU_3915,Home,LATAM,52.184.176.91,0.0,JPY,web,False,mastercard,True
ev_000239,add_to_cart,2025-08-08 06:58:42,u_00345,s_856242,SKU_1218,Beauty,LATAM,52.137.26.29,0.0,JPY,web,False,mastercard,True
ev_000240,page_view,2025-08-08 07:15:44,u_00224,s_614325,SKU_9595,Books,APAC,52.68.229.92,0.0,GBP,android,True,paypal,True
ev_000241,checkout_start,2025-08-08 06:57:42,u_00376,s_211805,SKU_9975,Clothing,APAC,52.110.24.29,0.0,EUR,android,False,amex,True
ev_000242,click,2025-08-08 06:56:49,u_00429,s_891323,SKU_3579,Beauty,LATAM,52.105.46.96,0.0,EUR,android,False,paypal,True
ev_000243,add_to_cart,2025-08-08 06:56:58,u_00266,s_164804,SKU_4160,Books,NA,52.245.227.241,0.0,JPY,android,False,amex,True
ev_000244,payment_attempt,2025-08-08 07:30:54,u_00063,s_595225,SKU_4348,Clothing,NA,52.55.52.67,756.89,JPY,android,False,amex,True
ev_000245,click,2025-08-08 07:01:32,u_00311,s_982107,SKU_2824,Home,NA,52.15.235.193,0.0,JPY,android,False,visa,True
ev_000246,purchase,2025-08-08 07:10:56,u_00035,s_970370,SKU_9681,Toys,EU,52.228.142.8,155.34,JPY,web,False,paypal,True
ev_000247,add_to_cart,2025-08-08 06:59:03,u_00274,s_720516,SKU_2839,Sports,APAC,52.23.183.219,0.0,EUR,android,False,paypal,True
ev_000248,click,2025-08-08 06:59:35,u_00113,s_398713,SKU_8018,Beauty,EU,52.59.210.155,0.0,USD,web,False,visa,True
ev_000249,payment_attempt,2025-08-08 07:15:04,u_00176,s_428804,SKU_2063,Sports,LATAM,52.90.54.96,1178.01,EUR,android,False,paypal,True
